<?xml version="1.0" encoding="UTF-8"?>
<!--Sample XML file generated by XMLSpy v2011 sp1 (http://www.altova.com)-->
<Tests xsi:noNamespaceSchemaLocation="FieldLink_test.xsd" xmlns:xsi="http://www.w3.org/2001/XMLSchema-instance">
	<Version>1.0.1</Version>
	<TimeSlices>
		<Slice name="TimeSlice1">
			<StartTimeSeconds>30</StartTimeSeconds>
			<StopTimeSeconds>1800</StopTimeSeconds>
			<OnPeriod>60</OnPeriod>
			<OffPeriod>120</OffPeriod>
		</Slice>
		<Slice name="TimeSlice2">
			<StartTimeSeconds>90</StartTimeSeconds>
			<StopTimeSeconds>2400</StopTimeSeconds>
			<OnPeriod>60</OnPeriod>
			<OffPeriod>120</OffPeriod>
		</Slice>
	</TimeSlices>
	<Test  name="busy grain cart">
		<Description>Three CGC vehicles, one grain cart alternating between two combines</Description>
		<DurationSeconds>3600</DurationSeconds>
		<SignalTypes>
			<Signal name="LogisticData">
				<Topic>GenericTopic1</Topic>
				<DataSize>96</DataSize>
				<Frequency>1</Frequency>
				<Priority>0</Priority>              <!--"0" specifies the default, which is 50. The range is 1-100-->
				<Reliability>1</Reliability>      <!--"1" means best effort, "2" means reliable-->
				<Durability>1</Durability>       <!--"1" means volatile, "2" means transient, "3" means persistent-->
			</Signal>
			<Signal name="ControlData">
				<Topic>GenericTopic2</Topic>
				<DataSize>256</DataSize>
				<Frequency>5</Frequency>
				<Priority>100</Priority>              <!--"0" specifies the default, which is 50. The range is 1-100-->
				<Reliability>2</Reliability>          <!--"1" means best effort, "2" means reliable-->
				<Durability>2</Durability>           <!--"1" means volatile, "2" means transient, "3" means persistent-->
			</Signal>
		</SignalTypes>
		<Nodes>
			<Node name="Combine1" number="1"/>
			<Node name="Combine2" number="2"/>
			<Node name="GrainCart1" number="3"/>
		</Nodes>
		<ProducedSignals>
			<Signal RefName="ControlData">
				<SenderNode node="Combine1" slice="TimeSlice1"/>
			    <SenderNode node="Combine2" slice="TimeSlice2"/>
			</Signal>
			<Signal RefName="LogisticData">
				<SenderNode node="all"/>
			</Signal>
		</ProducedSignals>
		<ConsumedSignals>
			<Signal RefName="ControlData">
				<ReceiverNode node="GrainCart1" slice="TimeSlice1">
					<SenderNode node="Combine1" slice="TimeSlice1"/>
					<SenderNode node="Combine2" slice="TimeSlice2"/>
				</ReceiverNode>
			</Signal>
			<Signal RefName="LogisticData">
				<ReceiverNode node="all">
					<SenderNode node="all"/>
				</ReceiverNode>
			</Signal>
		</ConsumedSignals>
	</Test>
</Tests>
