﻿<?xml version="1.0" encoding="utf-8"?><UnitSystemTranslation xmlns="urn:schemas-johndeere-com:UnitSystemTranslation" xmlns:bt="urn:schemas-johndeere-com:BasicTypes" xmlns:unit="urn:schemas-johndeere-com:UnitSystem" xmlns:xsi="http://www.w3.org/2001/XMLSchema-instance" xsi:schemaLocation="urn:schemas-johndeere-com:UnitSystemTranslation UnitSystemTranslation.xsd" locale="de">
<SchemaVersion major="1" minor="0" />
<ContentVersion major="1" minor="0" />
<UnitTypeTranslation domainID="utDistance">
<Name>Abstand</Name>
</UnitTypeTranslation>
<UnitTypeTranslation domainID="utTime">
<Name>Zeit</Name>
</UnitTypeTranslation>
<UnitTypeTranslation domainID="utTemperature">
<Name>Temperatur</Name>
</UnitTypeTranslation>
<UnitTypeTranslation domainID="utMass">
<Name>Masse</Name>
</UnitTypeTranslation>
<UnitTypeTranslation domainID="utPercent">
<Name>Prozent</Name>
</UnitTypeTranslation>
<UnitTypeTranslation domainID="utUnitless">
<Name>Ohne Einheit</Name>
</UnitTypeTranslation>
<UnitTypeTranslation domainID="utArea">
<Name>Fläche</Name>
</UnitTypeTranslation>
<UnitTypeTranslation domainID="utVolume">
<Name>Volumen</Name>
</UnitTypeTranslation>
<UnitTypeTranslation domainID="utSpeed">
<Name>Geschwindigkeit</Name>
</UnitTypeTranslation>
<UnitTypeTranslation domainID="utMassPerArea">
<Name>Masse je Fläche</Name>
</UnitTypeTranslation>
<UnitTypeTranslation domainID="utVolumePerArea">
<Name>Volumen je Fläche</Name>
</UnitTypeTranslation>
<UnitTypeTranslation domainID="utAngle">
<Name>Winkelvektor</Name>
</UnitTypeTranslation>
<UnitTypeTranslation domainID="utMassPerVolume">
<Name>Masse je Volumen</Name>
</UnitTypeTranslation>
<UnitTypeTranslation domainID="utVolumePerTime">
<Name>Volumen je Zeit</Name>
</UnitTypeTranslation>
<UnitTypeTranslation domainID="utContainer">
<Name>Behälter</Name>
</UnitTypeTranslation>
<UnitTypeTranslation domainID="utBag">
<Name>Beutel</Name>
</UnitTypeTranslation>
<UnitTypeTranslation domainID="utTimeSpan">
<Name>Zeitspanne</Name>
</UnitTypeTranslation>
<UnitTypeTranslation domainID="utBarrel">
<Name>Barrel</Name>
</UnitTypeTranslation>
<UnitTypeTranslation domainID="utSack">
<Name>Sack</Name>
</UnitTypeTranslation>
<UnitTypeTranslation domainID="utContainerPerArea">
<Name>Behälter je Fläche</Name>
</UnitTypeTranslation>
<UnitTypeTranslation domainID="utBagPerArea">
<Name>Beutel pro Fläche</Name>
</UnitTypeTranslation>
<UnitTypeTranslation domainID="utBarrelPerArea">
<Name>Barrels pro Fläche</Name>
</UnitTypeTranslation>
<UnitTypeTranslation domainID="utSackPerArea">
<Name>Sack pro Fläche</Name>
</UnitTypeTranslation>
<UnitTypeTranslation domainID="utBale">
<Name>Ballen</Name>
</UnitTypeTranslation>
<UnitTypeTranslation domainID="utBalesPerArea">
<Name>Ballen je Fläche</Name>
</UnitTypeTranslation>
<UnitTypeTranslation domainID="utBalesPerMass">
<Name>Ballen je Masse</Name>
</UnitTypeTranslation>
<UnitTypeTranslation domainID="utBalesPerTime">
<Name>Ballen je Zeit</Name>
</UnitTypeTranslation>
<UnitTypeTranslation domainID="utMassPerBale">
<Name>Masse je Ballen</Name>
</UnitTypeTranslation>
<UnitTypeTranslation domainID="utBalesPerVolume">
<Name>Ballen je Volumen</Name>
</UnitTypeTranslation>
<UnitTypeTranslation domainID="utCurrency">
<Name>Währung</Name>
</UnitTypeTranslation>
<UnitTypeTranslation domainID="utCurrencyPerContainer">
<Name>Währung je Behälter</Name>
</UnitTypeTranslation>
<UnitTypeTranslation domainID="utCurrencyPerBag">
<Name>Währung pro Beutel</Name>
</UnitTypeTranslation>
<UnitTypeTranslation domainID="utMassPerContainer">
<Name>Masse je Behälter</Name>
</UnitTypeTranslation>
<UnitTypeTranslation domainID="utMassPerBag">
<Name>Masse pro Beutel</Name>
</UnitTypeTranslation>
<UnitTypeTranslation domainID="utMassPerBarrel">
<Name>Masse pro Barrel</Name>
</UnitTypeTranslation>
<UnitTypeTranslation domainID="utMassPerSack">
<Name>Masse pro Sack</Name>
</UnitTypeTranslation>
<UnitTypeTranslation domainID="utCurrencyPerBale">
<Name>Währung je Ballen</Name>
</UnitTypeTranslation>
<UnitTypeTranslation domainID="utCurrencyPerArea">
<Name>Währung je Fläche</Name>
</UnitTypeTranslation>
<UnitTypeTranslation domainID="utCurrencyPerVolume">
<Name>Währung je Volumen</Name>
</UnitTypeTranslation>
<UnitTypeTranslation domainID="utCurrencyPerTime">
<Name>Währung je Zeit</Name>
</UnitTypeTranslation>
<UnitTypeTranslation domainID="utSeeds">
<Name>Körner</Name>
</UnitTypeTranslation>
<UnitTypeTranslation domainID="utDataPoints">
<Name>Punkte</Name>
</UnitTypeTranslation>
<UnitTypeTranslation domainID="utSeedsPerArea">
<Name>Körner je Fläche</Name>
</UnitTypeTranslation>
<UnitTypeTranslation domainID="utSeedsPerMass">
<Name>Körner je Masse</Name>
</UnitTypeTranslation>
<UnitTypeTranslation domainID="utSeedsPerTime">
<Name>Körner je Zeit</Name>
</UnitTypeTranslation>
<UnitTypeTranslation domainID="utSeedsPerVolume">
<Name>Körner je Volumen</Name>
</UnitTypeTranslation>
<UnitTypeTranslation domainID="utSeedsPerContainer">
<Name>Körner je Behälter</Name>
</UnitTypeTranslation>
<UnitTypeTranslation domainID="utSeedsPerBag">
<Name>Samen pro Beutel</Name>
</UnitTypeTranslation>
<UnitTypeTranslation domainID="utSeedsPerBarrel">
<Name>Samen pro Barrel</Name>
</UnitTypeTranslation>
<UnitTypeTranslation domainID="utSeedsPerSack">
<Name>Samen pro Sack</Name>
</UnitTypeTranslation>
<UnitTypeTranslation domainID="utMassPerSeeds">
<Name>Masse je Körner</Name>
</UnitTypeTranslation>
<UnitTypeTranslation domainID="utDataPointsPerTime">
<Name>Datenpunkte je Zeit</Name>
</UnitTypeTranslation>
<UnitTypeTranslation domainID="utRows">
<Name description="Reihenmaß für Row-Crop-Fruchtarten.">Reihen</Name>
</UnitTypeTranslation>
<UnitTypeTranslation domainID="utAreaPerTime">
<Name>Fläche je Zeit</Name>
</UnitTypeTranslation>
<UnitTypeTranslation domainID="utMassPerTime">
<Name>Masse je Zeit</Name>
</UnitTypeTranslation>
<UnitTypeTranslation domainID="utVolumePerMass">
<Name>Volumen je Masse</Name>
</UnitTypeTranslation>
<UnitTypeTranslation domainID="utPressure">
<Name>Druck</Name>
</UnitTypeTranslation>
<UnitTypeTranslation domainID="utForce">
<Name>Kraft</Name>
</UnitTypeTranslation>
<UnitTypeTranslation domainID="utAngularVelocity">
<Name>Winkelgeschwindigkeit</Name>
</UnitTypeTranslation>
<UnitTypeTranslation domainID="utDistancePerPercent">
<Name>Entfernung je Prozent</Name>
</UnitTypeTranslation>
<UnitTypeTranslation domainID="utDistancePerDegree">
<Name>Entfernung je Grad</Name>
</UnitTypeTranslation>
<UnitTypeTranslation domainID="utFrequency">
<Name>Frequenz</Name>
</UnitTypeTranslation>
<UnitTypeTranslation domainID="utCount">
<Name>Anzahl</Name>
</UnitTypeTranslation>
<UnitTypeTranslation domainID="utMassPerMass">
<Name>Masse je Masse</Name>
</UnitTypeTranslation>
<UnitTypeTranslation domainID="utVolumePerVolume">
<Name>Volumen je Volumen</Name>
</UnitTypeTranslation>
<UnitTypeTranslation domainID="utVoltage">
<Name>Spannung</Name>
</UnitTypeTranslation>
<UnitTypeTranslation domainID="utElectricCurrent">
<Name>Elektrischer Strom</Name>
</UnitTypeTranslation>
<UnitTypeTranslation domainID="utField">
<Name>Schlag</Name>
</UnitTypeTranslation>
<UnitTypeTranslation domainID="utPerContainer">
<Name>je Behälter</Name>
</UnitTypeTranslation>
<UnitTypeTranslation domainID="utPerBag">
<Name>je Beutel</Name>
</UnitTypeTranslation>
<UnitTypeTranslation domainID="utPerSack">
<Name>ja Sack</Name>
</UnitTypeTranslation>
<UnitTypeTranslation domainID="utPerVolume">
<Name>je Volumen</Name>
</UnitTypeTranslation>
<UnitTypeTranslation domainID="utPerMass">
<Name>je Masse</Name>
</UnitTypeTranslation>
<UnitTypeTranslation domainID="utPerArea">
<Name>je Fläche</Name>
</UnitTypeTranslation>
<UnitTypeTranslation domainID="utPerField">
<Name>je Schlag</Name>
</UnitTypeTranslation>
<UnitTypeTranslation domainID="utPerTime">
<Name>je Stunde</Name>
</UnitTypeTranslation>
<UnitTypeTranslation domainID="utPerBale">
<Name>je Ballen</Name>
</UnitTypeTranslation>
<UnitTypeTranslation domainID="utCountPerArea">
<Name>Anzahl je Fläche</Name>
</UnitTypeTranslation>
<UnitTypeTranslation domainID="utVolumePerDistance">
<Name>--translate--</Name>
</UnitTypeTranslation>
<UnitTypeTranslation domainID="utViscosity">
<Name>viscosity</Name>
</UnitTypeTranslation>
<UnitTypeTranslation domainID="utTorque">
<Name>torque</Name>
</UnitTypeTranslation>
<UnitOfMeasureTranslation domainID="m">
<Name label="m" plural="Meter">Meter</Name>
</UnitOfMeasureTranslation>
<UnitOfMeasureTranslation domainID="ft">
<Name label="ft" plural="Feet">Foot</Name>
</UnitOfMeasureTranslation>
<UnitOfMeasureTranslation domainID="in">
<Name label="in" plural="Inches">Inch</Name>
</UnitOfMeasureTranslation>
<UnitOfMeasureTranslation domainID="mi">
<Name label="mi" plural="Statute Miles">Statute Mile</Name>
</UnitOfMeasureTranslation>
<UnitOfMeasureTranslation domainID="Nmi">
<Name label="Nmi" plural="Nautical Miles">Nautical Mile</Name>
</UnitOfMeasureTranslation>
<UnitOfMeasureTranslation domainID="yd">
<Name label="yd" plural="Yard">Yard</Name>
</UnitOfMeasureTranslation>
<UnitOfMeasureTranslation domainID="Em">
<Name label="Em" plural="Exameter">Exameter</Name>
</UnitOfMeasureTranslation>
<UnitOfMeasureTranslation domainID="Pm">
<Name label="Pm" plural="Petameter">Petameter</Name>
</UnitOfMeasureTranslation>
<UnitOfMeasureTranslation domainID="Tm">
<Name label="Tm" plural="Terameter">Terameter</Name>
</UnitOfMeasureTranslation>
<UnitOfMeasureTranslation domainID="Gm">
<Name label="Gm" plural="Gigameter">Gigameter</Name>
</UnitOfMeasureTranslation>
<UnitOfMeasureTranslation domainID="Mm">
<Name label="Mm" plural="Megameter">Megameter</Name>
</UnitOfMeasureTranslation>
<UnitOfMeasureTranslation domainID="km">
<Name label="km" plural="Kilometer">Kilometer</Name>
</UnitOfMeasureTranslation>
<UnitOfMeasureTranslation domainID="hm">
<Name label="hm" plural="Hektometer">Hektometer</Name>
</UnitOfMeasureTranslation>
<UnitOfMeasureTranslation domainID="dam">
<Name label="dam" plural="Dekameter">Dekameter</Name>
</UnitOfMeasureTranslation>
<UnitOfMeasureTranslation domainID="dm">
<Name label="dm" plural="Dezimeter">Dezimeter</Name>
</UnitOfMeasureTranslation>
<UnitOfMeasureTranslation domainID="cm">
<Name label="cm" plural="Zentimeter">Zentimeter</Name>
</UnitOfMeasureTranslation>
<UnitOfMeasureTranslation domainID="mm">
<Name label="mm" plural="Millimeter">Millimeter</Name>
</UnitOfMeasureTranslation>
<UnitOfMeasureTranslation domainID="um">
<Name label="um" plural="Mikrometer">Mikrometer</Name>
</UnitOfMeasureTranslation>
<UnitOfMeasureTranslation domainID="nm">
<Name label="nm" plural="Nanometer">Nanometer</Name>
</UnitOfMeasureTranslation>
<UnitOfMeasureTranslation domainID="pm">
<Name label="pm" plural="Picometer">Picometer</Name>
</UnitOfMeasureTranslation>
<UnitOfMeasureTranslation domainID="fm">
<Name label="fm" plural="Femtometer">Femtometer</Name>
</UnitOfMeasureTranslation>
<UnitOfMeasureTranslation domainID="am">
<Name label="am" plural="Attometer">Attometer</Name>
</UnitOfMeasureTranslation>
<UnitOfMeasureTranslation domainID="hdm">
<Name label="100m" plural="Hundred Meter">Hundred Meter</Name>
</UnitOfMeasureTranslation>
<UnitOfMeasureTranslation domainID="us">
<Name label="us" plural="Mikrosekunden">Mikrosekunde</Name>
</UnitOfMeasureTranslation>
<UnitOfMeasureTranslation domainID="ms">
<Name label="ms" plural="Millisekunden">Millisekunde</Name>
</UnitOfMeasureTranslation>
<UnitOfMeasureTranslation domainID="sec">
<Name label="sec" plural="Sekunden">Sekunde</Name>
</UnitOfMeasureTranslation>
<UnitOfMeasureTranslation domainID="min">
<Name label="min" plural="Minuten">Minute</Name>
</UnitOfMeasureTranslation>
<UnitOfMeasureTranslation domainID="hr">
<Name label="h" plural="Stunden">Stunde</Name>
</UnitOfMeasureTranslation>
<UnitOfMeasureTranslation domainID="day">
<Name label="Tag" plural="Tage">Tag</Name>
</UnitOfMeasureTranslation>
<UnitOfMeasureTranslation domainID="wk">
<Name label="Woche" plural="Wochen">Woche</Name>
</UnitOfMeasureTranslation>
<UnitOfMeasureTranslation domainID="C">
<Name label="°C" plural="Celsius">Celsius</Name>
</UnitOfMeasureTranslation>
<UnitOfMeasureTranslation domainID="F">
<Name label="°F" plural="Fahrenheit">Fahrenheit</Name>
</UnitOfMeasureTranslation>
<UnitOfMeasureTranslation domainID="K">
<Name label="K" plural="Kelvin">Kelvin</Name>
</UnitOfMeasureTranslation>
<UnitOfMeasureTranslation domainID="g">
<Name label="g" plural="Gramm">Gramm</Name>
</UnitOfMeasureTranslation>
<UnitOfMeasureTranslation domainID="lb">
<Name label="lb" plural="Pounds">Pound</Name>
</UnitOfMeasureTranslation>
<UnitOfMeasureTranslation domainID="ton">
<Name label="ton" plural="Tons (U.S.)">Ton (U.S.)</Name>
</UnitOfMeasureTranslation>
<UnitOfMeasureTranslation domainID="sg">
<Name label="sg" plural="Slugs">Slug</Name>
</UnitOfMeasureTranslation>
<UnitOfMeasureTranslation domainID="ozm">
<Name label="oz" plural="Mass Ounces">Mass Ounce</Name>
</UnitOfMeasureTranslation>
<UnitOfMeasureTranslation domainID="troyoz">
<Name label="troy oz" plural="Troy Ounces">Troy Ounce</Name>
</UnitOfMeasureTranslation>
<UnitOfMeasureTranslation domainID="t">
<Name label="t" plural="Tonnen">Tonne</Name>
</UnitOfMeasureTranslation>
<UnitOfMeasureTranslation domainID="Eg">
<Name label="Eg" plural="Exagramm">Exagramm</Name>
</UnitOfMeasureTranslation>
<UnitOfMeasureTranslation domainID="Pg">
<Name label="Pg" plural="Petagramm">Petagramm</Name>
</UnitOfMeasureTranslation>
<UnitOfMeasureTranslation domainID="Tg">
<Name label="Tg" plural="Teragramm">Teragramm</Name>
</UnitOfMeasureTranslation>
<UnitOfMeasureTranslation domainID="Gg">
<Name label="Gg" plural="Gigagramm">Gigagramm</Name>
</UnitOfMeasureTranslation>
<UnitOfMeasureTranslation domainID="Mg">
<Name label="Mg" plural="Megagramm">Megagramm</Name>
</UnitOfMeasureTranslation>
<UnitOfMeasureTranslation domainID="kg">
<Name label="kg" plural="Kilogramm">Kilogramm</Name>
</UnitOfMeasureTranslation>
<UnitOfMeasureTranslation domainID="hg">
<Name label="hg" plural="Hektogramm">Hektogramm</Name>
</UnitOfMeasureTranslation>
<UnitOfMeasureTranslation domainID="dag">
<Name label="dkg" plural="Dekagramm">Dekagramm</Name>
</UnitOfMeasureTranslation>
<UnitOfMeasureTranslation domainID="dg">
<Name label="dg" plural="Dezigramm">Dezigramm</Name>
</UnitOfMeasureTranslation>
<UnitOfMeasureTranslation domainID="cg">
<Name label="cg" plural="Zentigramm">Zentigramm</Name>
</UnitOfMeasureTranslation>
<UnitOfMeasureTranslation domainID="mg">
<Name label="mg" plural="Milligramm">Milligramm</Name>
</UnitOfMeasureTranslation>
<UnitOfMeasureTranslation domainID="ug">
<Name label="ug" plural="Mikrogramm">Mikrogramm</Name>
</UnitOfMeasureTranslation>
<UnitOfMeasureTranslation domainID="ng">
<Name label="ng" plural="Nanogramm">Nanogramm</Name>
</UnitOfMeasureTranslation>
<UnitOfMeasureTranslation domainID="pg">
<Name label="pg" plural="Picogramm">Picogramm</Name>
</UnitOfMeasureTranslation>
<UnitOfMeasureTranslation domainID="fg">
<Name label="fg" plural="Femtogramm">Femtogramm</Name>
</UnitOfMeasureTranslation>
<UnitOfMeasureTranslation domainID="ag">
<Name label="ag" plural="Attogramm">Attogramm</Name>
</UnitOfMeasureTranslation>
<UnitOfMeasureTranslation domainID="stone">
<Name label="Stone" plural="Stones">Stone</Name>
</UnitOfMeasureTranslation>
<UnitOfMeasureTranslation domainID="cwt">
<Name label="cwt" plural="Hundredweight">Hundredweight</Name>
</UnitOfMeasureTranslation>
<UnitOfMeasureTranslation domainID="ratio">
<Name label="Verhältnis" plural="Verhältnis">Verhältnis</Name>
</UnitOfMeasureTranslation>
<UnitOfMeasureTranslation domainID="prcnt">
<Name label="%" plural="Prozent">Prozent</Name>
</UnitOfMeasureTranslation>
<UnitOfMeasureTranslation domainID="prcntHndth">
<Name label="%/100" plural="Hundertstel Prozent">Hundertstel Prozent</Name>
</UnitOfMeasureTranslation>
<UnitOfMeasureTranslation domainID="ppm">
<Name label="ppm" plural="ppm">Teile pro Million</Name>
</UnitOfMeasureTranslation>
<UnitOfMeasureTranslation domainID="unitless">
<Name label="unitless" plural="ohne Einheit">ohne Einheit</Name>
</UnitOfMeasureTranslation>
<UnitOfMeasureTranslation domainID="ha">
<Name label="ha" plural="Hektar">Hektar</Name>
</UnitOfMeasureTranslation>
<UnitOfMeasureTranslation domainID="ac">
<Name label="ac" plural="Acres">Acre</Name>
</UnitOfMeasureTranslation>
<UnitOfMeasureTranslation domainID="thsndSqFt">
<Name label="1000 sq.ft" plural="Tausend Square Feet">Tausend Square Feet</Name>
</UnitOfMeasureTranslation>
<UnitOfMeasureTranslation domainID="l">
<Name label="l" plural="Liter">Liter</Name>
</UnitOfMeasureTranslation>
<UnitOfMeasureTranslation domainID="floz">
<Name label="floz" plural="Fluid Ounces">Fluid Ounce</Name>
</UnitOfMeasureTranslation>
<UnitOfMeasureTranslation domainID="gal">
<Name label="gal" plural="Gallons">Gallon</Name>
</UnitOfMeasureTranslation>
<UnitOfMeasureTranslation domainID="thsndgal">
<Name label="gal X 1000" plural="Tausendgallonen">Tausendgallone</Name>
</UnitOfMeasureTranslation>
<UnitOfMeasureTranslation domainID="qtdry">
<Name label="dry qt" plural="Dry-Quarts">Dry-Quart</Name>
</UnitOfMeasureTranslation>
<UnitOfMeasureTranslation domainID="ptdry">
<Name label="dry pt" plural="Dry-Pints (U.S.)">Dry-Pint (U.S.)</Name>
</UnitOfMeasureTranslation>
<UnitOfMeasureTranslation domainID="qt">
<Name label="qt" plural="Quarts">Quart</Name>
</UnitOfMeasureTranslation>
<UnitOfMeasureTranslation domainID="pt">
<Name label="pt" plural="Pints (U.S.)">Pint (U.S.)</Name>
</UnitOfMeasureTranslation>
<UnitOfMeasureTranslation domainID="uk_pt">
<Name label="uk_pt" plural="Pints (GB)">Pint (GB)</Name>
</UnitOfMeasureTranslation>
<UnitOfMeasureTranslation domainID="El">
<Name label="El" plural="Exaliter">Exaliter</Name>
</UnitOfMeasureTranslation>
<UnitOfMeasureTranslation domainID="Pl">
<Name label="Pl" plural="Petaliter">Petaliter</Name>
</UnitOfMeasureTranslation>
<UnitOfMeasureTranslation domainID="Tl">
<Name label="Tl" plural="Teraliter">Teraliter</Name>
</UnitOfMeasureTranslation>
<UnitOfMeasureTranslation domainID="Gl">
<Name label="Gl" plural="Gigaliter">Gigaliter</Name>
</UnitOfMeasureTranslation>
<UnitOfMeasureTranslation domainID="Ml">
<Name label="Ml" plural="Megaliter">Megaliter</Name>
</UnitOfMeasureTranslation>
<UnitOfMeasureTranslation domainID="kl">
<Name label="kl" plural="Kiloliter">Kiloliter</Name>
</UnitOfMeasureTranslation>
<UnitOfMeasureTranslation domainID="hl">
<Name label="hl" plural="Hektoliter">Hektoliter</Name>
</UnitOfMeasureTranslation>
<UnitOfMeasureTranslation domainID="dal">
<Name label="dal" plural="Dekaliter">Dekaliter</Name>
</UnitOfMeasureTranslation>
<UnitOfMeasureTranslation domainID="dl">
<Name label="dl" plural="Deziliter">Deziliter</Name>
</UnitOfMeasureTranslation>
<UnitOfMeasureTranslation domainID="cl">
<Name label="cl" plural="Zentiliter">Zentiliter</Name>
</UnitOfMeasureTranslation>
<UnitOfMeasureTranslation domainID="ml">
<Name label="ml" plural="Milliliter">Milliliter</Name>
</UnitOfMeasureTranslation>
<UnitOfMeasureTranslation domainID="ul">
<Name label="ul" plural="Mikroliter">Mikroliter</Name>
</UnitOfMeasureTranslation>
<UnitOfMeasureTranslation domainID="nl">
<Name label="nl" plural="Nanoliter">Nanoliter</Name>
</UnitOfMeasureTranslation>
<UnitOfMeasureTranslation domainID="pl">
<Name label="pl" plural="Picoliter">Picoliter</Name>
</UnitOfMeasureTranslation>
<UnitOfMeasureTranslation domainID="fl">
<Name label="fl" plural="Femtoliter">Femtoliter</Name>
</UnitOfMeasureTranslation>
<UnitOfMeasureTranslation domainID="al">
<Name label="al" plural="Attoliter">Attoliter</Name>
</UnitOfMeasureTranslation>
<UnitOfMeasureTranslation domainID="bu">
<Name label="bu" plural="Bushels">Bushel</Name>
</UnitOfMeasureTranslation>
<UnitOfMeasureTranslation domainID="igal">
<Name label="igal" plural="igal">iGallone</Name>
</UnitOfMeasureTranslation>
<UnitOfMeasureTranslation domainID="knot">
<Name label="kt" plural="Knoten">Knoten</Name>
</UnitOfMeasureTranslation>
<UnitOfMeasureTranslation domainID="arcdeg">
<Name label="°" plural="Bogenwinkel in Grad">Bogenwinkel in Grad</Name>
</UnitOfMeasureTranslation>
<UnitOfMeasureTranslation domainID="arcmin">
<Name label="arcmin" plural="Bogenminuten">Bogenminute</Name>
</UnitOfMeasureTranslation>
<UnitOfMeasureTranslation domainID="arcsec">
<Name label="arcsec" plural="Bogensekunden">Bogensekunde</Name>
</UnitOfMeasureTranslation>
<UnitOfMeasureTranslation domainID="rad">
<Name label="rad" plural="Bogenmaß">Bogenmaß</Name>
</UnitOfMeasureTranslation>
<UnitOfMeasureTranslation domainID="thDeg">
<Name label="Grad*10000" plural="Grad*10000">Zehntausendstel Grad</Name>
</UnitOfMeasureTranslation>
<UnitOfMeasureTranslation domainID="container">
<Name label="Behälter" plural="Behälter">Behälter</Name>
</UnitOfMeasureTranslation>
<UnitOfMeasureTranslation domainID="bag">
<Name label="Beutel" plural="Beutel">Beutel</Name>
</UnitOfMeasureTranslation>
<UnitOfMeasureTranslation domainID="month">
<Name label="month" plural="Monate">Monat</Name>
</UnitOfMeasureTranslation>
<UnitOfMeasureTranslation domainID="year">
<Name label="year" plural="Jahre">Jahr</Name>
</UnitOfMeasureTranslation>
<UnitOfMeasureTranslation domainID="barrel">
<Name label="Barrel" plural="Barrels">Barrel</Name>
</UnitOfMeasureTranslation>
<UnitOfMeasureTranslation domainID="sack">
<Name label="Sack" plural="Sacks">Sack</Name>
</UnitOfMeasureTranslation>
<UnitOfMeasureTranslation domainID="bale">
<Name label="Ballen" plural="Ballen">Ballen</Name>
</UnitOfMeasureTranslation>
<UnitOfMeasureTranslation domainID="cur">
<Name label="Währung" plural="Währung">Währung</Name>
</UnitOfMeasureTranslation>
<UnitOfMeasureTranslation domainID="seeds">
<Name label="Körner" plural="Körner">Körner</Name>
</UnitOfMeasureTranslation>
<UnitOfMeasureTranslation domainID="thndSeeds">
<Name label="1000Körner" plural="1000Körner">Tausendkörner</Name>
</UnitOfMeasureTranslation>
<UnitOfMeasureTranslation domainID="points">
<Name label="Punkte" plural="Punkte">Punkt</Name>
</UnitOfMeasureTranslation>
<UnitOfMeasureTranslation domainID="row">
<Name label="Reihen" plural="Reihen">Reihe</Name>
</UnitOfMeasureTranslation>
<UnitOfMeasureTranslation domainID="Pa">
<Name label="Pa" plural="Pa">Pascal</Name>
</UnitOfMeasureTranslation>
<UnitOfMeasureTranslation domainID="kPa">
<Name label="kPa" plural="kPa">KiloPascal</Name>
</UnitOfMeasureTranslation>
<UnitOfMeasureTranslation domainID="PSI">
<Name label="psi" plural="psi">psi</Name>
</UnitOfMeasureTranslation>
<UnitOfMeasureTranslation domainID="bar">
<Name label="bar" plural="bar">bar</Name>
</UnitOfMeasureTranslation>
<UnitOfMeasureTranslation domainID="mPa">
<Name label="mPa" plural="mPa">MilliPascal</Name>
</UnitOfMeasureTranslation>
<UnitOfMeasureTranslation domainID="N">
<Name label="N" plural="N">Newton</Name>
</UnitOfMeasureTranslation>
<UnitOfMeasureTranslation domainID="mN">
<Name label="mN" plural="mN">milliNewton</Name>
</UnitOfMeasureTranslation>
<UnitOfMeasureTranslation domainID="lbf">
<Name label="lbf" plural="Pound-Force">Pound-Force</Name>
</UnitOfMeasureTranslation>
<UnitOfMeasureTranslation domainID="RPM">
<Name label="n/min" plural="n/min">Umdrehungen je Minute</Name>
</UnitOfMeasureTranslation>
<UnitOfMeasureTranslation domainID="hndrthRPM">
<Name label="n/min*100" plural="n/min*100">Hundertstel Umdrehung je Minute</Name>
</UnitOfMeasureTranslation>
<UnitOfMeasureTranslation domainID="hz">
<Name label="Hz" plural="Hertz">Hertz</Name>
</UnitOfMeasureTranslation>
<UnitOfMeasureTranslation domainID="count">
<Name label="Anzahl" plural="Anzahl">Anzahl</Name>
</UnitOfMeasureTranslation>
<UnitOfMeasureTranslation domainID="V">
<Name label="V" plural="V">Volt</Name>
</UnitOfMeasureTranslation>
<UnitOfMeasureTranslation domainID="mV">
<Name label="mV" plural="mV">Millivolt</Name>
</UnitOfMeasureTranslation>
<UnitOfMeasureTranslation domainID="amp">
<Name label="A" plural="A">Ampere</Name>
</UnitOfMeasureTranslation>
<UnitOfMeasureTranslation domainID="mA">
<Name label="mA" plural="mA">Milliampere</Name>
</UnitOfMeasureTranslation>
<UnitOfMeasureTranslation domainID="field">
<Name label="Schlag" plural="Schläge">Schlag</Name>
</UnitOfMeasureTranslation>
<UnitOfMeasureTranslation domainID="P">
<Name label="poise" plural="poise">poise</Name>
</UnitOfMeasureTranslation>
<UnitOfMeasureTranslation domainID="cP">
<Name label="centipoise" plural="centipoise">centipoise</Name>
</UnitOfMeasureTranslation>
<UnitOfMeasureTranslation domainID="Nm">
<Name label="newton metre" plural="newton metre">newton metre</Name>
</UnitOfMeasureTranslation>
<UnitOfMeasureSystemTranslation domainID="umsEnglish">
<Name label="us">Englisch</Name>
</UnitOfMeasureSystemTranslation>
<UnitOfMeasureSystemTranslation domainID="umsMetric">
<Name label="metrisch">Metrisch</Name>
</UnitOfMeasureSystemTranslation>
<UnitOfMeasureSystemTranslation domainID="umsImperial">
<Name label="us">Brit. Einheit</Name>
</UnitOfMeasureSystemTranslation>
<UnitOfMeasureSystemTranslation domainID="umsMixed">
<Name label="gemischt">Gemischt</Name>
</UnitOfMeasureSystemTranslation>
</UnitSystemTranslation>