﻿<?xml version="1.0" encoding="utf-8"?><UnitSystemTranslation xmlns="urn:schemas-johndeere-com:UnitSystemTranslation" xmlns:bt="urn:schemas-johndeere-com:BasicTypes" xmlns:unit="urn:schemas-johndeere-com:UnitSystem" xmlns:xsi="http://www.w3.org/2001/XMLSchema-instance" xsi:schemaLocation="urn:schemas-johndeere-com:UnitSystemTranslation UnitSystemTranslation.xsd" locale="no">
<SchemaVersion major="1" minor="0" />
<ContentVersion major="1" minor="0" />
<UnitTypeTranslation domainID="utDistance">
<Name>avstand</Name>
</UnitTypeTranslation>
<UnitTypeTranslation domainID="utTime">
<Name>tid</Name>
</UnitTypeTranslation>
<UnitTypeTranslation domainID="utTemperature">
<Name>temperatur</Name>
</UnitTypeTranslation>
<UnitTypeTranslation domainID="utMass">
<Name>masse</Name>
</UnitTypeTranslation>
<UnitTypeTranslation domainID="utPercent">
<Name>prosent</Name>
</UnitTypeTranslation>
<UnitTypeTranslation domainID="utUnitless">
<Name>Dimensjonsløs</Name>
</UnitTypeTranslation>
<UnitTypeTranslation domainID="utArea">
<Name>areal</Name>
</UnitTypeTranslation>
<UnitTypeTranslation domainID="utVolume">
<Name>volum</Name>
</UnitTypeTranslation>
<UnitTypeTranslation domainID="utSpeed">
<Name>hastighet</Name>
</UnitTypeTranslation>
<UnitTypeTranslation domainID="utMassPerArea">
<Name>masse per areal</Name>
</UnitTypeTranslation>
<UnitTypeTranslation domainID="utVolumePerArea">
<Name>volum per areal</Name>
</UnitTypeTranslation>
<UnitTypeTranslation domainID="utAngle">
<Name>vinkelvektor</Name>
</UnitTypeTranslation>
<UnitTypeTranslation domainID="utMassPerVolume">
<Name>masse per volum</Name>
</UnitTypeTranslation>
<UnitTypeTranslation domainID="utVolumePerTime">
<Name>volum per tid</Name>
</UnitTypeTranslation>
<UnitTypeTranslation domainID="utContainer">
<Name>beholder</Name>
</UnitTypeTranslation>
<UnitTypeTranslation domainID="utBag">
<Name>veske</Name>
</UnitTypeTranslation>
<UnitTypeTranslation domainID="utTimeSpan">
<Name>tidsrom</Name>
</UnitTypeTranslation>
<UnitTypeTranslation domainID="utBarrel">
<Name>fat</Name>
</UnitTypeTranslation>
<UnitTypeTranslation domainID="utSack">
<Name>sekk</Name>
</UnitTypeTranslation>
<UnitTypeTranslation domainID="utContainerPerArea">
<Name>beholder per areal</Name>
</UnitTypeTranslation>
<UnitTypeTranslation domainID="utBagPerArea">
<Name>veske per areal</Name>
</UnitTypeTranslation>
<UnitTypeTranslation domainID="utBarrelPerArea">
<Name>fat per areal</Name>
</UnitTypeTranslation>
<UnitTypeTranslation domainID="utSackPerArea">
<Name>sekk per areal</Name>
</UnitTypeTranslation>
<UnitTypeTranslation domainID="utBale">
<Name>balle</Name>
</UnitTypeTranslation>
<UnitTypeTranslation domainID="utBalesPerArea">
<Name>baller per areal</Name>
</UnitTypeTranslation>
<UnitTypeTranslation domainID="utBalesPerMass">
<Name>baller per masse</Name>
</UnitTypeTranslation>
<UnitTypeTranslation domainID="utBalesPerTime">
<Name>baller per tid</Name>
</UnitTypeTranslation>
<UnitTypeTranslation domainID="utMassPerBale">
<Name>masse per balle</Name>
</UnitTypeTranslation>
<UnitTypeTranslation domainID="utBalesPerVolume">
<Name>baller per volum</Name>
</UnitTypeTranslation>
<UnitTypeTranslation domainID="utCurrency">
<Name>valuta</Name>
</UnitTypeTranslation>
<UnitTypeTranslation domainID="utCurrencyPerContainer">
<Name>valuta per beholder</Name>
</UnitTypeTranslation>
<UnitTypeTranslation domainID="utCurrencyPerBag">
<Name>valuta per veske</Name>
</UnitTypeTranslation>
<UnitTypeTranslation domainID="utMassPerContainer">
<Name>masse per beholder</Name>
</UnitTypeTranslation>
<UnitTypeTranslation domainID="utMassPerBag">
<Name>masse per veske</Name>
</UnitTypeTranslation>
<UnitTypeTranslation domainID="utMassPerBarrel">
<Name>masse per fat</Name>
</UnitTypeTranslation>
<UnitTypeTranslation domainID="utMassPerSack">
<Name>masse per sekk</Name>
</UnitTypeTranslation>
<UnitTypeTranslation domainID="utCurrencyPerBale">
<Name>valuta per balle</Name>
</UnitTypeTranslation>
<UnitTypeTranslation domainID="utCurrencyPerArea">
<Name>valuta per areal</Name>
</UnitTypeTranslation>
<UnitTypeTranslation domainID="utCurrencyPerVolume">
<Name>valuta per volum</Name>
</UnitTypeTranslation>
<UnitTypeTranslation domainID="utCurrencyPerTime">
<Name>valuta per tid</Name>
</UnitTypeTranslation>
<UnitTypeTranslation domainID="utSeeds">
<Name>frø</Name>
</UnitTypeTranslation>
<UnitTypeTranslation domainID="utDataPoints">
<Name>punkter</Name>
</UnitTypeTranslation>
<UnitTypeTranslation domainID="utSeedsPerArea">
<Name>frø per areal</Name>
</UnitTypeTranslation>
<UnitTypeTranslation domainID="utSeedsPerMass">
<Name>frø per masse</Name>
</UnitTypeTranslation>
<UnitTypeTranslation domainID="utSeedsPerTime">
<Name>frø per tid</Name>
</UnitTypeTranslation>
<UnitTypeTranslation domainID="utSeedsPerVolume">
<Name>frø per volum</Name>
</UnitTypeTranslation>
<UnitTypeTranslation domainID="utSeedsPerContainer">
<Name>frø per beholder</Name>
</UnitTypeTranslation>
<UnitTypeTranslation domainID="utSeedsPerBag">
<Name>frø per veske</Name>
</UnitTypeTranslation>
<UnitTypeTranslation domainID="utSeedsPerBarrel">
<Name>frø per fat</Name>
</UnitTypeTranslation>
<UnitTypeTranslation domainID="utSeedsPerSack">
<Name>frø per sekk</Name>
</UnitTypeTranslation>
<UnitTypeTranslation domainID="utMassPerSeeds">
<Name>masse per frø</Name>
</UnitTypeTranslation>
<UnitTypeTranslation domainID="utDataPointsPerTime">
<Name>datapunkter per tid</Name>
</UnitTypeTranslation>
<UnitTypeTranslation domainID="utRows">
<Name description="Mål av rader for radrensere.">rader</Name>
</UnitTypeTranslation>
<UnitTypeTranslation domainID="utAreaPerTime">
<Name>areal per tid</Name>
</UnitTypeTranslation>
<UnitTypeTranslation domainID="utMassPerTime">
<Name>masse per tid</Name>
</UnitTypeTranslation>
<UnitTypeTranslation domainID="utVolumePerMass">
<Name>volum per masse</Name>
</UnitTypeTranslation>
<UnitTypeTranslation domainID="utPressure">
<Name>trykk</Name>
</UnitTypeTranslation>
<UnitTypeTranslation domainID="utForce">
<Name>styrke</Name>
</UnitTypeTranslation>
<UnitTypeTranslation domainID="utAngularVelocity">
<Name>vinkelhastighet</Name>
</UnitTypeTranslation>
<UnitTypeTranslation domainID="utDistancePerPercent">
<Name>avstand per prosent</Name>
</UnitTypeTranslation>
<UnitTypeTranslation domainID="utDistancePerDegree">
<Name>avstand per grad</Name>
</UnitTypeTranslation>
<UnitTypeTranslation domainID="utFrequency">
<Name>frekvens</Name>
</UnitTypeTranslation>
<UnitTypeTranslation domainID="utCount">
<Name>antall</Name>
</UnitTypeTranslation>
<UnitTypeTranslation domainID="utMassPerMass">
<Name>masse per masseenhet</Name>
</UnitTypeTranslation>
<UnitTypeTranslation domainID="utVolumePerVolume">
<Name>volum per volumenhet</Name>
</UnitTypeTranslation>
<UnitTypeTranslation domainID="utVoltage">
<Name>spenning</Name>
</UnitTypeTranslation>
<UnitTypeTranslation domainID="utElectricCurrent">
<Name>Elektrisk strøm</Name>
</UnitTypeTranslation>
<UnitTypeTranslation domainID="utField">
<Name>åker</Name>
</UnitTypeTranslation>
<UnitTypeTranslation domainID="utPerContainer">
<Name>per beholder</Name>
</UnitTypeTranslation>
<UnitTypeTranslation domainID="utPerBag">
<Name>per veske</Name>
</UnitTypeTranslation>
<UnitTypeTranslation domainID="utPerSack">
<Name>per sekk</Name>
</UnitTypeTranslation>
<UnitTypeTranslation domainID="utPerVolume">
<Name>per volum</Name>
</UnitTypeTranslation>
<UnitTypeTranslation domainID="utPerMass">
<Name>per masse</Name>
</UnitTypeTranslation>
<UnitTypeTranslation domainID="utPerArea">
<Name>per areal</Name>
</UnitTypeTranslation>
<UnitTypeTranslation domainID="utPerField">
<Name>per åker</Name>
</UnitTypeTranslation>
<UnitTypeTranslation domainID="utPerTime">
<Name>per time</Name>
</UnitTypeTranslation>
<UnitTypeTranslation domainID="utPerBale">
<Name>per balle</Name>
</UnitTypeTranslation>
<UnitTypeTranslation domainID="utCountPerArea">
<Name>antall per areal</Name>
</UnitTypeTranslation>
<UnitTypeTranslation domainID="utVolumePerDistance">
<Name>--translate--</Name>
</UnitTypeTranslation>
<UnitTypeTranslation domainID="utViscosity">
<Name>viscosity</Name>
</UnitTypeTranslation>
<UnitTypeTranslation domainID="utTorque">
<Name>torque</Name>
</UnitTypeTranslation>
<UnitOfMeasureTranslation domainID="m">
<Name label="m" plural="meter">meter</Name>
</UnitOfMeasureTranslation>
<UnitOfMeasureTranslation domainID="ft">
<Name label="ft" plural="fot">fot</Name>
</UnitOfMeasureTranslation>
<UnitOfMeasureTranslation domainID="in">
<Name label="in" plural="tommer">tomme</Name>
</UnitOfMeasureTranslation>
<UnitOfMeasureTranslation domainID="mi">
<Name label="mi" plural="engelske mil">engelsk mil</Name>
</UnitOfMeasureTranslation>
<UnitOfMeasureTranslation domainID="Nmi">
<Name label="Nmi" plural="nautiske mil">nautisk mil</Name>
</UnitOfMeasureTranslation>
<UnitOfMeasureTranslation domainID="yd">
<Name label="yd" plural="yard">yard</Name>
</UnitOfMeasureTranslation>
<UnitOfMeasureTranslation domainID="Em">
<Name label="Em" plural="eksameter">eksameter</Name>
</UnitOfMeasureTranslation>
<UnitOfMeasureTranslation domainID="Pm">
<Name label="Pm" plural="petameter">petameter</Name>
</UnitOfMeasureTranslation>
<UnitOfMeasureTranslation domainID="Tm">
<Name label="Tm" plural="terameter">terameter</Name>
</UnitOfMeasureTranslation>
<UnitOfMeasureTranslation domainID="Gm">
<Name label="Gm" plural="gigameter">gigameter</Name>
</UnitOfMeasureTranslation>
<UnitOfMeasureTranslation domainID="Mm">
<Name label="Mm" plural="megameter">megameter</Name>
</UnitOfMeasureTranslation>
<UnitOfMeasureTranslation domainID="km">
<Name label="km" plural="kilometer">kilometer</Name>
</UnitOfMeasureTranslation>
<UnitOfMeasureTranslation domainID="hm">
<Name label="hm" plural="hektometer">hektometer</Name>
</UnitOfMeasureTranslation>
<UnitOfMeasureTranslation domainID="dam">
<Name label="dam" plural="dekameter">dekameter</Name>
</UnitOfMeasureTranslation>
<UnitOfMeasureTranslation domainID="dm">
<Name label="dm" plural="desimeter">desimeter</Name>
</UnitOfMeasureTranslation>
<UnitOfMeasureTranslation domainID="cm">
<Name label="cm" plural="centimeter">centimeter</Name>
</UnitOfMeasureTranslation>
<UnitOfMeasureTranslation domainID="mm">
<Name label="mm" plural="millimeter">millimeter</Name>
</UnitOfMeasureTranslation>
<UnitOfMeasureTranslation domainID="um">
<Name label="um" plural="mikrometer">mikrometer</Name>
</UnitOfMeasureTranslation>
<UnitOfMeasureTranslation domainID="nm">
<Name label="nm" plural="nanometer">nanometer</Name>
</UnitOfMeasureTranslation>
<UnitOfMeasureTranslation domainID="pm">
<Name label="pm" plural="pikometer">pikometer</Name>
</UnitOfMeasureTranslation>
<UnitOfMeasureTranslation domainID="fm">
<Name label="fm" plural="femtometer">femtometer</Name>
</UnitOfMeasureTranslation>
<UnitOfMeasureTranslation domainID="am">
<Name label="am" plural="attometer">attometer</Name>
</UnitOfMeasureTranslation>
<UnitOfMeasureTranslation domainID="hdm">
<Name label="100m" plural="Hundred Meter">Hundred Meter</Name>
</UnitOfMeasureTranslation>
<UnitOfMeasureTranslation domainID="us">
<Name label="us" plural="mikrosekunder">mikrosekund</Name>
</UnitOfMeasureTranslation>
<UnitOfMeasureTranslation domainID="ms">
<Name label="ms" plural="millisekunder">millisekund</Name>
</UnitOfMeasureTranslation>
<UnitOfMeasureTranslation domainID="sec">
<Name label="s" plural="sekunder">sekund</Name>
</UnitOfMeasureTranslation>
<UnitOfMeasureTranslation domainID="min">
<Name label="min" plural="minutter">minutt</Name>
</UnitOfMeasureTranslation>
<UnitOfMeasureTranslation domainID="hr">
<Name label="t" plural="timer">time</Name>
</UnitOfMeasureTranslation>
<UnitOfMeasureTranslation domainID="day">
<Name label="dag" plural="dager">dag</Name>
</UnitOfMeasureTranslation>
<UnitOfMeasureTranslation domainID="wk">
<Name label="uk" plural="uker">uke</Name>
</UnitOfMeasureTranslation>
<UnitOfMeasureTranslation domainID="C">
<Name label="°C" plural="celsius">celsius</Name>
</UnitOfMeasureTranslation>
<UnitOfMeasureTranslation domainID="F">
<Name label="°F" plural="fahrenheit">fahrenheit</Name>
</UnitOfMeasureTranslation>
<UnitOfMeasureTranslation domainID="K">
<Name label="K" plural="kelvin">kelvin</Name>
</UnitOfMeasureTranslation>
<UnitOfMeasureTranslation domainID="g">
<Name label="g" plural="gram">gram</Name>
</UnitOfMeasureTranslation>
<UnitOfMeasureTranslation domainID="lb">
<Name label="lb" plural="pund">pund</Name>
</UnitOfMeasureTranslation>
<UnitOfMeasureTranslation domainID="ton">
<Name label="tonn" plural="tonn (USA)">tonn (USA)</Name>
</UnitOfMeasureTranslation>
<UnitOfMeasureTranslation domainID="sg">
<Name label="sg" plural="kuler">kule</Name>
</UnitOfMeasureTranslation>
<UnitOfMeasureTranslation domainID="ozm">
<Name label="oz" plural="masseunser">masseunse</Name>
</UnitOfMeasureTranslation>
<UnitOfMeasureTranslation domainID="troyoz">
<Name label="troy oz" plural="vektunser">vektunse</Name>
</UnitOfMeasureTranslation>
<UnitOfMeasureTranslation domainID="t">
<Name label="tn" plural="tonn">tonn</Name>
</UnitOfMeasureTranslation>
<UnitOfMeasureTranslation domainID="Eg">
<Name label="Eg" plural="eksagram">eksagram</Name>
</UnitOfMeasureTranslation>
<UnitOfMeasureTranslation domainID="Pg">
<Name label="Pg" plural="petagram">petagram</Name>
</UnitOfMeasureTranslation>
<UnitOfMeasureTranslation domainID="Tg">
<Name label="Tg" plural="teragram">teragram</Name>
</UnitOfMeasureTranslation>
<UnitOfMeasureTranslation domainID="Gg">
<Name label="Gg" plural="gigagram">gigagram</Name>
</UnitOfMeasureTranslation>
<UnitOfMeasureTranslation domainID="Mg">
<Name label="Mg" plural="megagram">megagram</Name>
</UnitOfMeasureTranslation>
<UnitOfMeasureTranslation domainID="kg">
<Name label="kg" plural="kilogram">kilogram</Name>
</UnitOfMeasureTranslation>
<UnitOfMeasureTranslation domainID="hg">
<Name label="hg" plural="hektogram">hektogram</Name>
</UnitOfMeasureTranslation>
<UnitOfMeasureTranslation domainID="dag">
<Name label="dkg" plural="dekagram">dekagram</Name>
</UnitOfMeasureTranslation>
<UnitOfMeasureTranslation domainID="dg">
<Name label="dg" plural="desigram">desigram</Name>
</UnitOfMeasureTranslation>
<UnitOfMeasureTranslation domainID="cg">
<Name label="cg" plural="centigram">centigram</Name>
</UnitOfMeasureTranslation>
<UnitOfMeasureTranslation domainID="mg">
<Name label="mg" plural="milligram">milligram</Name>
</UnitOfMeasureTranslation>
<UnitOfMeasureTranslation domainID="ug">
<Name label="ug" plural="mikrogram">mikrogram</Name>
</UnitOfMeasureTranslation>
<UnitOfMeasureTranslation domainID="ng">
<Name label="ng" plural="nanogram">nanogram</Name>
</UnitOfMeasureTranslation>
<UnitOfMeasureTranslation domainID="pg">
<Name label="pg" plural="pikogram">pikogram</Name>
</UnitOfMeasureTranslation>
<UnitOfMeasureTranslation domainID="fg">
<Name label="fg" plural="femtogram">femtogram</Name>
</UnitOfMeasureTranslation>
<UnitOfMeasureTranslation domainID="ag">
<Name label="ag" plural="attogram">attogram</Name>
</UnitOfMeasureTranslation>
<UnitOfMeasureTranslation domainID="stone">
<Name label="stone" plural="stone">stone</Name>
</UnitOfMeasureTranslation>
<UnitOfMeasureTranslation domainID="cwt">
<Name label="hundrevekt" plural="hundrevekt">hundrevekt</Name>
</UnitOfMeasureTranslation>
<UnitOfMeasureTranslation domainID="ratio">
<Name label="forhold" plural="forhold">forhold</Name>
</UnitOfMeasureTranslation>
<UnitOfMeasureTranslation domainID="prcnt">
<Name label="%" plural="prosent">prosent</Name>
</UnitOfMeasureTranslation>
<UnitOfMeasureTranslation domainID="prcntHndth">
<Name label="%/100" plural="promille">promille</Name>
</UnitOfMeasureTranslation>
<UnitOfMeasureTranslation domainID="ppm">
<Name label="ppm" plural="ppm">Deler per million (parts per million)</Name>
</UnitOfMeasureTranslation>
<UnitOfMeasureTranslation domainID="unitless">
<Name label="unitless" plural="dimensjonsløs">dimensjonsløs</Name>
</UnitOfMeasureTranslation>
<UnitOfMeasureTranslation domainID="ha">
<Name label="ha" plural="hektar">hektar</Name>
</UnitOfMeasureTranslation>
<UnitOfMeasureTranslation domainID="ac">
<Name label="ac" plural="acre">acre</Name>
</UnitOfMeasureTranslation>
<UnitOfMeasureTranslation domainID="thsndSqFt">
<Name label="1000 sq.ft" plural="tusen kvadratfot">tusen kvadratfot</Name>
</UnitOfMeasureTranslation>
<UnitOfMeasureTranslation domainID="l">
<Name label="l" plural="liter">liter</Name>
</UnitOfMeasureTranslation>
<UnitOfMeasureTranslation domainID="floz">
<Name label="floz" plural="væskeunser">væskeunse</Name>
</UnitOfMeasureTranslation>
<UnitOfMeasureTranslation domainID="gal">
<Name label="gal" plural="gallon">gallon</Name>
</UnitOfMeasureTranslation>
<UnitOfMeasureTranslation domainID="thsndgal">
<Name label="gal X 1000" plural="tusen gallon">tusen gallon</Name>
</UnitOfMeasureTranslation>
<UnitOfMeasureTranslation domainID="qtdry">
<Name label="tørr qt" plural="tørr quart">tørr quart</Name>
</UnitOfMeasureTranslation>
<UnitOfMeasureTranslation domainID="ptdry">
<Name label="tørr pt" plural="tørr pint (USA)">tørr pint (USA)</Name>
</UnitOfMeasureTranslation>
<UnitOfMeasureTranslation domainID="qt">
<Name label="qt" plural="quart">quart</Name>
</UnitOfMeasureTranslation>
<UnitOfMeasureTranslation domainID="pt">
<Name label="pt" plural="pint (USA)">pint (USA)</Name>
</UnitOfMeasureTranslation>
<UnitOfMeasureTranslation domainID="uk_pt">
<Name label="uk_pt" plural="pint (britisk)">pint (britisk)</Name>
</UnitOfMeasureTranslation>
<UnitOfMeasureTranslation domainID="El">
<Name label="El" plural="eksaliter">eksaliter</Name>
</UnitOfMeasureTranslation>
<UnitOfMeasureTranslation domainID="Pl">
<Name label="Pl" plural="petaliter">petaliter</Name>
</UnitOfMeasureTranslation>
<UnitOfMeasureTranslation domainID="Tl">
<Name label="Tl" plural="teraliter">teraliter</Name>
</UnitOfMeasureTranslation>
<UnitOfMeasureTranslation domainID="Gl">
<Name label="Gl" plural="gigaliter">gigaliter</Name>
</UnitOfMeasureTranslation>
<UnitOfMeasureTranslation domainID="Ml">
<Name label="Ml" plural="megaliter">megaliter</Name>
</UnitOfMeasureTranslation>
<UnitOfMeasureTranslation domainID="kl">
<Name label="kl" plural="kiloliter">kiloliter</Name>
</UnitOfMeasureTranslation>
<UnitOfMeasureTranslation domainID="hl">
<Name label="hl" plural="hektoliter">hektoliter</Name>
</UnitOfMeasureTranslation>
<UnitOfMeasureTranslation domainID="dal">
<Name label="dal" plural="dekaliter">dekaliter</Name>
</UnitOfMeasureTranslation>
<UnitOfMeasureTranslation domainID="dl">
<Name label="dl" plural="desiliter">desiliter</Name>
</UnitOfMeasureTranslation>
<UnitOfMeasureTranslation domainID="cl">
<Name label="cl" plural="centiliter">centiliter</Name>
</UnitOfMeasureTranslation>
<UnitOfMeasureTranslation domainID="ml">
<Name label="ml" plural="milliliter">milliliter</Name>
</UnitOfMeasureTranslation>
<UnitOfMeasureTranslation domainID="ul">
<Name label="ul" plural="mikroliter">mikroliter</Name>
</UnitOfMeasureTranslation>
<UnitOfMeasureTranslation domainID="nl">
<Name label="nl" plural="nanoliter">nanoliter</Name>
</UnitOfMeasureTranslation>
<UnitOfMeasureTranslation domainID="pl">
<Name label="pl" plural="pikoliter">pikoliter</Name>
</UnitOfMeasureTranslation>
<UnitOfMeasureTranslation domainID="fl">
<Name label="fl" plural="femtoliter">femtoliter</Name>
</UnitOfMeasureTranslation>
<UnitOfMeasureTranslation domainID="al">
<Name label="al" plural="attoliter">attoliter</Name>
</UnitOfMeasureTranslation>
<UnitOfMeasureTranslation domainID="bu">
<Name label="bu" plural="bushel">bushel</Name>
</UnitOfMeasureTranslation>
<UnitOfMeasureTranslation domainID="igal">
<Name label="igal" plural="igal">i-gallon</Name>
</UnitOfMeasureTranslation>
<UnitOfMeasureTranslation domainID="knot">
<Name label="kt" plural="knop">knop</Name>
</UnitOfMeasureTranslation>
<UnitOfMeasureTranslation domainID="arcdeg">
<Name label="°" plural="buegrader">buegrad</Name>
</UnitOfMeasureTranslation>
<UnitOfMeasureTranslation domainID="arcmin">
<Name label="arcmin" plural="bueminutter">bueminutt</Name>
</UnitOfMeasureTranslation>
<UnitOfMeasureTranslation domainID="arcsec">
<Name label="arcsec" plural="buesekunder">buesekund</Name>
</UnitOfMeasureTranslation>
<UnitOfMeasureTranslation domainID="rad">
<Name label="rad" plural="radianer">radianer</Name>
</UnitOfMeasureTranslation>
<UnitOfMeasureTranslation domainID="thDeg">
<Name label="deg*10000" plural="deg*10000">Titusendel av en grad</Name>
</UnitOfMeasureTranslation>
<UnitOfMeasureTranslation domainID="container">
<Name label="beholder" plural="beholdere">beholder</Name>
</UnitOfMeasureTranslation>
<UnitOfMeasureTranslation domainID="bag">
<Name label="veske" plural="vesker">veske</Name>
</UnitOfMeasureTranslation>
<UnitOfMeasureTranslation domainID="month">
<Name label="month" plural="måneder">måned</Name>
</UnitOfMeasureTranslation>
<UnitOfMeasureTranslation domainID="year">
<Name label="year" plural="år">år</Name>
</UnitOfMeasureTranslation>
<UnitOfMeasureTranslation domainID="barrel">
<Name label="fat" plural="fat">fat</Name>
</UnitOfMeasureTranslation>
<UnitOfMeasureTranslation domainID="sack">
<Name label="sekk" plural="sekker">sekk</Name>
</UnitOfMeasureTranslation>
<UnitOfMeasureTranslation domainID="bale">
<Name label="baller" plural="baller">balle</Name>
</UnitOfMeasureTranslation>
<UnitOfMeasureTranslation domainID="cur">
<Name label="valuta" plural="valuta">valuta</Name>
</UnitOfMeasureTranslation>
<UnitOfMeasureTranslation domainID="seeds">
<Name label="frø" plural="frø">frø</Name>
</UnitOfMeasureTranslation>
<UnitOfMeasureTranslation domainID="thndSeeds">
<Name label="1000Frø" plural="1000Frø">tusen frø</Name>
</UnitOfMeasureTranslation>
<UnitOfMeasureTranslation domainID="points">
<Name label="punkter" plural="punkter">punkt</Name>
</UnitOfMeasureTranslation>
<UnitOfMeasureTranslation domainID="row">
<Name label="rader" plural="rader">rad</Name>
</UnitOfMeasureTranslation>
<UnitOfMeasureTranslation domainID="Pa">
<Name label="Pa" plural="Pa">Pascal</Name>
</UnitOfMeasureTranslation>
<UnitOfMeasureTranslation domainID="kPa">
<Name label="kPa" plural="kPa">kiloPascal</Name>
</UnitOfMeasureTranslation>
<UnitOfMeasureTranslation domainID="PSI">
<Name label="psi" plural="psi">psi</Name>
</UnitOfMeasureTranslation>
<UnitOfMeasureTranslation domainID="bar">
<Name label="bar" plural="bar">bar</Name>
</UnitOfMeasureTranslation>
<UnitOfMeasureTranslation domainID="mPa">
<Name label="mPa" plural="mPa">MilliPascal</Name>
</UnitOfMeasureTranslation>
<UnitOfMeasureTranslation domainID="N">
<Name label="N" plural="N">Newton</Name>
</UnitOfMeasureTranslation>
<UnitOfMeasureTranslation domainID="mN">
<Name label="mN" plural="mN">milliNewton</Name>
</UnitOfMeasureTranslation>
<UnitOfMeasureTranslation domainID="lbf">
<Name label="lbf" plural="pundkraft">pundkraft</Name>
</UnitOfMeasureTranslation>
<UnitOfMeasureTranslation domainID="RPM">
<Name label="n/min" plural="n/min">Rotasjoner per minutt</Name>
</UnitOfMeasureTranslation>
<UnitOfMeasureTranslation domainID="hndrthRPM">
<Name label="n/min*100" plural="n/min*100">Hundredels rotasjoner per minutt</Name>
</UnitOfMeasureTranslation>
<UnitOfMeasureTranslation domainID="hz">
<Name label="Hz" plural="hertz">hertz</Name>
</UnitOfMeasureTranslation>
<UnitOfMeasureTranslation domainID="count">
<Name label="antall" plural="antall">antall</Name>
</UnitOfMeasureTranslation>
<UnitOfMeasureTranslation domainID="V">
<Name label="V" plural="V">Volt</Name>
</UnitOfMeasureTranslation>
<UnitOfMeasureTranslation domainID="mV">
<Name label="mV" plural="mV">millivolt</Name>
</UnitOfMeasureTranslation>
<UnitOfMeasureTranslation domainID="amp">
<Name label="A" plural="A">Ampere</Name>
</UnitOfMeasureTranslation>
<UnitOfMeasureTranslation domainID="mA">
<Name label="mA" plural="mA">Milliampere</Name>
</UnitOfMeasureTranslation>
<UnitOfMeasureTranslation domainID="field">
<Name label="åker" plural="åkre">åker</Name>
</UnitOfMeasureTranslation>
<UnitOfMeasureTranslation domainID="P">
<Name label="poise" plural="poise">poise</Name>
</UnitOfMeasureTranslation>
<UnitOfMeasureTranslation domainID="cP">
<Name label="centipoise" plural="centipoise">centipoise</Name>
</UnitOfMeasureTranslation>
<UnitOfMeasureTranslation domainID="Nm">
<Name label="newton metre" plural="newton metre">newton metre</Name>
</UnitOfMeasureTranslation>
<UnitOfMeasureSystemTranslation domainID="umsEnglish">
<Name label="us">Engelsk</Name>
</UnitOfMeasureSystemTranslation>
<UnitOfMeasureSystemTranslation domainID="umsMetric">
<Name label="metrisk">Metrisk</Name>
</UnitOfMeasureSystemTranslation>
<UnitOfMeasureSystemTranslation domainID="umsImperial">
<Name label="us">britisk</Name>
</UnitOfMeasureSystemTranslation>
<UnitOfMeasureSystemTranslation domainID="umsMixed">
<Name label="blandet">Blandet</Name>
</UnitOfMeasureSystemTranslation>
</UnitSystemTranslation>