﻿<?xml version="1.0" encoding="utf-8"?><UnitSystemTranslation xmlns="urn:schemas-johndeere-com:UnitSystemTranslation" xmlns:bt="urn:schemas-johndeere-com:BasicTypes" xmlns:unit="urn:schemas-johndeere-com:UnitSystem" xmlns:xsi="http://www.w3.org/2001/XMLSchema-instance" xsi:schemaLocation="urn:schemas-johndeere-com:UnitSystemTranslation UnitSystemTranslation.xsd" locale="da">
<SchemaVersion major="1" minor="0" />
<ContentVersion major="1" minor="0" />
<UnitTypeTranslation domainID="utDistance">
<Name>afstand</Name>
</UnitTypeTranslation>
<UnitTypeTranslation domainID="utTime">
<Name>tid</Name>
</UnitTypeTranslation>
<UnitTypeTranslation domainID="utTemperature">
<Name>temperatur</Name>
</UnitTypeTranslation>
<UnitTypeTranslation domainID="utMass">
<Name>masse</Name>
</UnitTypeTranslation>
<UnitTypeTranslation domainID="utPercent">
<Name>procent</Name>
</UnitTypeTranslation>
<UnitTypeTranslation domainID="utUnitless">
<Name>Usammenlignelig</Name>
</UnitTypeTranslation>
<UnitTypeTranslation domainID="utArea">
<Name>areal</Name>
</UnitTypeTranslation>
<UnitTypeTranslation domainID="utVolume">
<Name>volumen</Name>
</UnitTypeTranslation>
<UnitTypeTranslation domainID="utSpeed">
<Name>hastighed</Name>
</UnitTypeTranslation>
<UnitTypeTranslation domainID="utMassPerArea">
<Name>masse pr. areal</Name>
</UnitTypeTranslation>
<UnitTypeTranslation domainID="utVolumePerArea">
<Name>volumen pr. areal</Name>
</UnitTypeTranslation>
<UnitTypeTranslation domainID="utAngle">
<Name>angulær vektor</Name>
</UnitTypeTranslation>
<UnitTypeTranslation domainID="utMassPerVolume">
<Name>masse pr. volumen</Name>
</UnitTypeTranslation>
<UnitTypeTranslation domainID="utVolumePerTime">
<Name>volumen pr. gang</Name>
</UnitTypeTranslation>
<UnitTypeTranslation domainID="utContainer">
<Name>container</Name>
</UnitTypeTranslation>
<UnitTypeTranslation domainID="utBag">
<Name>pose</Name>
</UnitTypeTranslation>
<UnitTypeTranslation domainID="utTimeSpan">
<Name>spændvidde</Name>
</UnitTypeTranslation>
<UnitTypeTranslation domainID="utBarrel">
<Name>tønde</Name>
</UnitTypeTranslation>
<UnitTypeTranslation domainID="utSack">
<Name>sæk</Name>
</UnitTypeTranslation>
<UnitTypeTranslation domainID="utContainerPerArea">
<Name>container pr. areal</Name>
</UnitTypeTranslation>
<UnitTypeTranslation domainID="utBagPerArea">
<Name>pose pr. areal</Name>
</UnitTypeTranslation>
<UnitTypeTranslation domainID="utBarrelPerArea">
<Name>tønde pr. areal</Name>
</UnitTypeTranslation>
<UnitTypeTranslation domainID="utSackPerArea">
<Name>sæk pr. areal</Name>
</UnitTypeTranslation>
<UnitTypeTranslation domainID="utBale">
<Name>balle</Name>
</UnitTypeTranslation>
<UnitTypeTranslation domainID="utBalesPerArea">
<Name>baller pr. areal</Name>
</UnitTypeTranslation>
<UnitTypeTranslation domainID="utBalesPerMass">
<Name>baller pr. masse</Name>
</UnitTypeTranslation>
<UnitTypeTranslation domainID="utBalesPerTime">
<Name>baller pr. gang</Name>
</UnitTypeTranslation>
<UnitTypeTranslation domainID="utMassPerBale">
<Name>masse pr. balle</Name>
</UnitTypeTranslation>
<UnitTypeTranslation domainID="utBalesPerVolume">
<Name>baller pr. volumen</Name>
</UnitTypeTranslation>
<UnitTypeTranslation domainID="utCurrency">
<Name>valuta</Name>
</UnitTypeTranslation>
<UnitTypeTranslation domainID="utCurrencyPerContainer">
<Name>valuta pr. container</Name>
</UnitTypeTranslation>
<UnitTypeTranslation domainID="utCurrencyPerBag">
<Name>valuta pr. pose</Name>
</UnitTypeTranslation>
<UnitTypeTranslation domainID="utMassPerContainer">
<Name>mængde pr. container</Name>
</UnitTypeTranslation>
<UnitTypeTranslation domainID="utMassPerBag">
<Name>mængde pr. pose</Name>
</UnitTypeTranslation>
<UnitTypeTranslation domainID="utMassPerBarrel">
<Name>mængde pr. tønde</Name>
</UnitTypeTranslation>
<UnitTypeTranslation domainID="utMassPerSack">
<Name>mængde pr. sæk</Name>
</UnitTypeTranslation>
<UnitTypeTranslation domainID="utCurrencyPerBale">
<Name>valuta pr. balle</Name>
</UnitTypeTranslation>
<UnitTypeTranslation domainID="utCurrencyPerArea">
<Name>valuta pr. areal</Name>
</UnitTypeTranslation>
<UnitTypeTranslation domainID="utCurrencyPerVolume">
<Name>valuta pr. volumen</Name>
</UnitTypeTranslation>
<UnitTypeTranslation domainID="utCurrencyPerTime">
<Name>valuta pr. gang</Name>
</UnitTypeTranslation>
<UnitTypeTranslation domainID="utSeeds">
<Name>frø</Name>
</UnitTypeTranslation>
<UnitTypeTranslation domainID="utDataPoints">
<Name>point</Name>
</UnitTypeTranslation>
<UnitTypeTranslation domainID="utSeedsPerArea">
<Name>frø pr. areal</Name>
</UnitTypeTranslation>
<UnitTypeTranslation domainID="utSeedsPerMass">
<Name>frø pr. masse</Name>
</UnitTypeTranslation>
<UnitTypeTranslation domainID="utSeedsPerTime">
<Name>frø pr. gang</Name>
</UnitTypeTranslation>
<UnitTypeTranslation domainID="utSeedsPerVolume">
<Name>frø pr. volumen</Name>
</UnitTypeTranslation>
<UnitTypeTranslation domainID="utSeedsPerContainer">
<Name>frø pr. container</Name>
</UnitTypeTranslation>
<UnitTypeTranslation domainID="utSeedsPerBag">
<Name>udsæd pr. pose</Name>
</UnitTypeTranslation>
<UnitTypeTranslation domainID="utSeedsPerBarrel">
<Name>udsæd pr. tønde</Name>
</UnitTypeTranslation>
<UnitTypeTranslation domainID="utSeedsPerSack">
<Name>udsæd pr. sæk</Name>
</UnitTypeTranslation>
<UnitTypeTranslation domainID="utMassPerSeeds">
<Name>masse pr. frø</Name>
</UnitTypeTranslation>
<UnitTypeTranslation domainID="utDataPointsPerTime">
<Name>datapoint pr. gang</Name>
</UnitTypeTranslation>
<UnitTypeTranslation domainID="utRows">
<Name description="Antal rækker for rækkeafgrøder.">rækker</Name>
</UnitTypeTranslation>
<UnitTypeTranslation domainID="utAreaPerTime">
<Name>areal pr. gang</Name>
</UnitTypeTranslation>
<UnitTypeTranslation domainID="utMassPerTime">
<Name>masse pr. gang</Name>
</UnitTypeTranslation>
<UnitTypeTranslation domainID="utVolumePerMass">
<Name>volumen pr. masse</Name>
</UnitTypeTranslation>
<UnitTypeTranslation domainID="utPressure">
<Name>tryk</Name>
</UnitTypeTranslation>
<UnitTypeTranslation domainID="utForce">
<Name>styrke</Name>
</UnitTypeTranslation>
<UnitTypeTranslation domainID="utAngularVelocity">
<Name>angulær hastighed</Name>
</UnitTypeTranslation>
<UnitTypeTranslation domainID="utDistancePerPercent">
<Name>afstand pr. procent</Name>
</UnitTypeTranslation>
<UnitTypeTranslation domainID="utDistancePerDegree">
<Name>afstand pr. grad</Name>
</UnitTypeTranslation>
<UnitTypeTranslation domainID="utFrequency">
<Name>frekvens</Name>
</UnitTypeTranslation>
<UnitTypeTranslation domainID="utCount">
<Name>antal</Name>
</UnitTypeTranslation>
<UnitTypeTranslation domainID="utMassPerMass">
<Name>mængde pr. mæn.enh.</Name>
</UnitTypeTranslation>
<UnitTypeTranslation domainID="utVolumePerVolume">
<Name>volumen pr. volu.enh.</Name>
</UnitTypeTranslation>
<UnitTypeTranslation domainID="utVoltage">
<Name>spænding</Name>
</UnitTypeTranslation>
<UnitTypeTranslation domainID="utElectricCurrent">
<Name>Elektrisk strøm</Name>
</UnitTypeTranslation>
<UnitTypeTranslation domainID="utField">
<Name>mark</Name>
</UnitTypeTranslation>
<UnitTypeTranslation domainID="utPerContainer">
<Name>pr. container</Name>
</UnitTypeTranslation>
<UnitTypeTranslation domainID="utPerBag">
<Name>pr. pose </Name>
</UnitTypeTranslation>
<UnitTypeTranslation domainID="utPerSack">
<Name>pr. sæk </Name>
</UnitTypeTranslation>
<UnitTypeTranslation domainID="utPerVolume">
<Name>pr. volumen</Name>
</UnitTypeTranslation>
<UnitTypeTranslation domainID="utPerMass">
<Name>pr. mængde</Name>
</UnitTypeTranslation>
<UnitTypeTranslation domainID="utPerArea">
<Name>pr. areal</Name>
</UnitTypeTranslation>
<UnitTypeTranslation domainID="utPerField">
<Name>pr. mark</Name>
</UnitTypeTranslation>
<UnitTypeTranslation domainID="utPerTime">
<Name>pr. time</Name>
</UnitTypeTranslation>
<UnitTypeTranslation domainID="utPerBale">
<Name>pr. balle</Name>
</UnitTypeTranslation>
<UnitTypeTranslation domainID="utCountPerArea">
<Name>antal pr. areal</Name>
</UnitTypeTranslation>
<UnitTypeTranslation domainID="utVolumePerDistance">
<Name>--translate--</Name>
</UnitTypeTranslation>
<UnitTypeTranslation domainID="utViscosity">
<Name>viscosity</Name>
</UnitTypeTranslation>
<UnitTypeTranslation domainID="utTorque">
<Name>torque</Name>
</UnitTypeTranslation>
<UnitOfMeasureTranslation domainID="m">
<Name label="m" plural="meter">meter</Name>
</UnitOfMeasureTranslation>
<UnitOfMeasureTranslation domainID="ft">
<Name label="ft" plural="feet">foot</Name>
</UnitOfMeasureTranslation>
<UnitOfMeasureTranslation domainID="in">
<Name label="in" plural="inches">inch</Name>
</UnitOfMeasureTranslation>
<UnitOfMeasureTranslation domainID="mi">
<Name label="mi" plural="engelske mil">engelsk mil</Name>
</UnitOfMeasureTranslation>
<UnitOfMeasureTranslation domainID="Nmi">
<Name label="Nmi" plural="sømil">sømil</Name>
</UnitOfMeasureTranslation>
<UnitOfMeasureTranslation domainID="yd">
<Name label="yd" plural="yard">yard</Name>
</UnitOfMeasureTranslation>
<UnitOfMeasureTranslation domainID="Em">
<Name label="Em" plural="eksameter">eksameter</Name>
</UnitOfMeasureTranslation>
<UnitOfMeasureTranslation domainID="Pm">
<Name label="Pm" plural="petameter">petameter</Name>
</UnitOfMeasureTranslation>
<UnitOfMeasureTranslation domainID="Tm">
<Name label="Tm" plural="terameter">terameter</Name>
</UnitOfMeasureTranslation>
<UnitOfMeasureTranslation domainID="Gm">
<Name label="Gm" plural="gigameter">gigameter</Name>
</UnitOfMeasureTranslation>
<UnitOfMeasureTranslation domainID="Mm">
<Name label="Mm" plural="megameter">megameter</Name>
</UnitOfMeasureTranslation>
<UnitOfMeasureTranslation domainID="km">
<Name label="km" plural="kilometer">kilometer</Name>
</UnitOfMeasureTranslation>
<UnitOfMeasureTranslation domainID="hm">
<Name label="hm" plural="hektometer">hektometer</Name>
</UnitOfMeasureTranslation>
<UnitOfMeasureTranslation domainID="dam">
<Name label="dam" plural="dekameter">dekameter</Name>
</UnitOfMeasureTranslation>
<UnitOfMeasureTranslation domainID="dm">
<Name label="dm" plural="decimeter">decimeter</Name>
</UnitOfMeasureTranslation>
<UnitOfMeasureTranslation domainID="cm">
<Name label="cm" plural="centimeter">centimeter</Name>
</UnitOfMeasureTranslation>
<UnitOfMeasureTranslation domainID="mm">
<Name label="mm" plural="millimeter">millimeter</Name>
</UnitOfMeasureTranslation>
<UnitOfMeasureTranslation domainID="um">
<Name label="um" plural="mikrometer">mikrometer</Name>
</UnitOfMeasureTranslation>
<UnitOfMeasureTranslation domainID="nm">
<Name label="nm" plural="nanometer">nanometer</Name>
</UnitOfMeasureTranslation>
<UnitOfMeasureTranslation domainID="pm">
<Name label="pm" plural="picometer">picometer</Name>
</UnitOfMeasureTranslation>
<UnitOfMeasureTranslation domainID="fm">
<Name label="fm" plural="femtometer">femtometer</Name>
</UnitOfMeasureTranslation>
<UnitOfMeasureTranslation domainID="am">
<Name label="am" plural="attometer">attometer</Name>
</UnitOfMeasureTranslation>
<UnitOfMeasureTranslation domainID="hdm">
<Name label="100m" plural="Hundred Meter">Hundred Meter</Name>
</UnitOfMeasureTranslation>
<UnitOfMeasureTranslation domainID="us">
<Name label="us" plural="mikrosekunder">mikrosekund</Name>
</UnitOfMeasureTranslation>
<UnitOfMeasureTranslation domainID="ms">
<Name label="ms" plural="millisekunder">millisekund</Name>
</UnitOfMeasureTranslation>
<UnitOfMeasureTranslation domainID="sec">
<Name label="sec" plural="sekunder">sekund</Name>
</UnitOfMeasureTranslation>
<UnitOfMeasureTranslation domainID="min">
<Name label="min" plural="minutter">minut</Name>
</UnitOfMeasureTranslation>
<UnitOfMeasureTranslation domainID="hr">
<Name label="h" plural="timer">time</Name>
</UnitOfMeasureTranslation>
<UnitOfMeasureTranslation domainID="day">
<Name label="dag" plural="dage">dag</Name>
</UnitOfMeasureTranslation>
<UnitOfMeasureTranslation domainID="wk">
<Name label="uge" plural="uger">uge</Name>
</UnitOfMeasureTranslation>
<UnitOfMeasureTranslation domainID="C">
<Name label="°C" plural="celsius">celsius</Name>
</UnitOfMeasureTranslation>
<UnitOfMeasureTranslation domainID="F">
<Name label="°F" plural="fahrenheit">fahrenheit</Name>
</UnitOfMeasureTranslation>
<UnitOfMeasureTranslation domainID="K">
<Name label="K" plural="kelvin">kelvin</Name>
</UnitOfMeasureTranslation>
<UnitOfMeasureTranslation domainID="g">
<Name label="g" plural="gram">gram</Name>
</UnitOfMeasureTranslation>
<UnitOfMeasureTranslation domainID="lb">
<Name label="lb" plural="pounds">pound</Name>
</UnitOfMeasureTranslation>
<UnitOfMeasureTranslation domainID="ton">
<Name label="ton" plural="tons (U.S.)">ton (U.S.)</Name>
</UnitOfMeasureTranslation>
<UnitOfMeasureTranslation domainID="sg">
<Name label="sg" plural="slugs">slug</Name>
</UnitOfMeasureTranslation>
<UnitOfMeasureTranslation domainID="ozm">
<Name label="oz" plural="mass ounces">mass ounce</Name>
</UnitOfMeasureTranslation>
<UnitOfMeasureTranslation domainID="troyoz">
<Name label="troy oz" plural="troy ounces">troy ounce</Name>
</UnitOfMeasureTranslation>
<UnitOfMeasureTranslation domainID="t">
<Name label="t" plural="tons">ton</Name>
</UnitOfMeasureTranslation>
<UnitOfMeasureTranslation domainID="Eg">
<Name label="Eg" plural="eksagram">eksagram</Name>
</UnitOfMeasureTranslation>
<UnitOfMeasureTranslation domainID="Pg">
<Name label="Pg" plural="petagram">petagram</Name>
</UnitOfMeasureTranslation>
<UnitOfMeasureTranslation domainID="Tg">
<Name label="Tg" plural="teragram">teragram</Name>
</UnitOfMeasureTranslation>
<UnitOfMeasureTranslation domainID="Gg">
<Name label="Gg" plural="gigagram">gigagram</Name>
</UnitOfMeasureTranslation>
<UnitOfMeasureTranslation domainID="Mg">
<Name label="Mg" plural="megagram">megagram</Name>
</UnitOfMeasureTranslation>
<UnitOfMeasureTranslation domainID="kg">
<Name label="kg" plural="kilogram">kilogram</Name>
</UnitOfMeasureTranslation>
<UnitOfMeasureTranslation domainID="hg">
<Name label="hg" plural="hektogram">hektogram</Name>
</UnitOfMeasureTranslation>
<UnitOfMeasureTranslation domainID="dag">
<Name label="dkg" plural="dekagram">dekagram</Name>
</UnitOfMeasureTranslation>
<UnitOfMeasureTranslation domainID="dg">
<Name label="dg" plural="decigram">decigram</Name>
</UnitOfMeasureTranslation>
<UnitOfMeasureTranslation domainID="cg">
<Name label="cg" plural="centigram">centigram</Name>
</UnitOfMeasureTranslation>
<UnitOfMeasureTranslation domainID="mg">
<Name label="mg" plural="milligram">milligram</Name>
</UnitOfMeasureTranslation>
<UnitOfMeasureTranslation domainID="ug">
<Name label="ug" plural="mikrogram">mikrogram</Name>
</UnitOfMeasureTranslation>
<UnitOfMeasureTranslation domainID="ng">
<Name label="ng" plural="nanogram">nanogram</Name>
</UnitOfMeasureTranslation>
<UnitOfMeasureTranslation domainID="pg">
<Name label="pg" plural="picogram">picogram</Name>
</UnitOfMeasureTranslation>
<UnitOfMeasureTranslation domainID="fg">
<Name label="fg" plural="femtogram">femtogram</Name>
</UnitOfMeasureTranslation>
<UnitOfMeasureTranslation domainID="ag">
<Name label="ag" plural="attogram">attogram</Name>
</UnitOfMeasureTranslation>
<UnitOfMeasureTranslation domainID="stone">
<Name label="stone" plural="stones">stone</Name>
</UnitOfMeasureTranslation>
<UnitOfMeasureTranslation domainID="cwt">
<Name label="cwt" plural="hundredweight">hundredweight</Name>
</UnitOfMeasureTranslation>
<UnitOfMeasureTranslation domainID="ratio">
<Name label="ratio" plural="ratio">ratio</Name>
</UnitOfMeasureTranslation>
<UnitOfMeasureTranslation domainID="prcnt">
<Name label="%" plural="procent">procent</Name>
</UnitOfMeasureTranslation>
<UnitOfMeasureTranslation domainID="prcntHndth">
<Name label="%/100" plural="hundreddel af en procent">hundreddel af en procent</Name>
</UnitOfMeasureTranslation>
<UnitOfMeasureTranslation domainID="ppm">
<Name label="ppm" plural="ppm">Dele pr. million</Name>
</UnitOfMeasureTranslation>
<UnitOfMeasureTranslation domainID="unitless">
<Name label="unitless" plural="usammenlignelig">usammenlignelig</Name>
</UnitOfMeasureTranslation>
<UnitOfMeasureTranslation domainID="ha">
<Name label="ha" plural="hektarer">hektar</Name>
</UnitOfMeasureTranslation>
<UnitOfMeasureTranslation domainID="ac">
<Name label="ac" plural="acres">acre</Name>
</UnitOfMeasureTranslation>
<UnitOfMeasureTranslation domainID="thsndSqFt">
<Name label="1000 sq.ft" plural="tusind square feet">tusind square feet</Name>
</UnitOfMeasureTranslation>
<UnitOfMeasureTranslation domainID="l">
<Name label="l" plural="liter">liter</Name>
</UnitOfMeasureTranslation>
<UnitOfMeasureTranslation domainID="floz">
<Name label="floz" plural="fluid ounces">fluid ounce</Name>
</UnitOfMeasureTranslation>
<UnitOfMeasureTranslation domainID="gal">
<Name label="gal" plural="gallons">gallon</Name>
</UnitOfMeasureTranslation>
<UnitOfMeasureTranslation domainID="thsndgal">
<Name label="gal. x 1000" plural="tusind gallons">tusind gallon</Name>
</UnitOfMeasureTranslation>
<UnitOfMeasureTranslation domainID="qtdry">
<Name label="dry qt" plural="dry quarts">dry quart</Name>
</UnitOfMeasureTranslation>
<UnitOfMeasureTranslation domainID="ptdry">
<Name label="dry pt" plural="dry pints (U.S.)">dry pint (U.S.)</Name>
</UnitOfMeasureTranslation>
<UnitOfMeasureTranslation domainID="qt">
<Name label="qt" plural="quarts">quart</Name>
</UnitOfMeasureTranslation>
<UnitOfMeasureTranslation domainID="pt">
<Name label="pt" plural="pints (U.S.)">pint (U.S.)</Name>
</UnitOfMeasureTranslation>
<UnitOfMeasureTranslation domainID="uk_pt">
<Name label="uk_pt" plural="pints (U.K.)">pint (U.K.)</Name>
</UnitOfMeasureTranslation>
<UnitOfMeasureTranslation domainID="El">
<Name label="El" plural="eksaliter">eksaliter</Name>
</UnitOfMeasureTranslation>
<UnitOfMeasureTranslation domainID="Pl">
<Name label="Pl" plural="petaliter">petaliter</Name>
</UnitOfMeasureTranslation>
<UnitOfMeasureTranslation domainID="Tl">
<Name label="Tl" plural="teraliter">teraliter</Name>
</UnitOfMeasureTranslation>
<UnitOfMeasureTranslation domainID="Gl">
<Name label="Gl" plural="gigaliter">gigaliter</Name>
</UnitOfMeasureTranslation>
<UnitOfMeasureTranslation domainID="Ml">
<Name label="Ml" plural="megaliter">megaliter</Name>
</UnitOfMeasureTranslation>
<UnitOfMeasureTranslation domainID="kl">
<Name label="kl" plural="kiloliter">kiloliter</Name>
</UnitOfMeasureTranslation>
<UnitOfMeasureTranslation domainID="hl">
<Name label="hl" plural="hektoliter">hektoliter</Name>
</UnitOfMeasureTranslation>
<UnitOfMeasureTranslation domainID="dal">
<Name label="dal" plural="dekaliter">dekaliter</Name>
</UnitOfMeasureTranslation>
<UnitOfMeasureTranslation domainID="dl">
<Name label="dl" plural="deciliter">deciliter</Name>
</UnitOfMeasureTranslation>
<UnitOfMeasureTranslation domainID="cl">
<Name label="cl" plural="centiliter">centiliter</Name>
</UnitOfMeasureTranslation>
<UnitOfMeasureTranslation domainID="ml">
<Name label="ml" plural="milliliter">milliliter</Name>
</UnitOfMeasureTranslation>
<UnitOfMeasureTranslation domainID="ul">
<Name label="ul" plural="mikroliter">mikroliter</Name>
</UnitOfMeasureTranslation>
<UnitOfMeasureTranslation domainID="nl">
<Name label="nl" plural="nanoliter">nanoliter</Name>
</UnitOfMeasureTranslation>
<UnitOfMeasureTranslation domainID="pl">
<Name label="pl" plural="picoliter">picoliter</Name>
</UnitOfMeasureTranslation>
<UnitOfMeasureTranslation domainID="fl">
<Name label="fl" plural="femtoliter">femtoliter</Name>
</UnitOfMeasureTranslation>
<UnitOfMeasureTranslation domainID="al">
<Name label="al" plural="attoliter">attoliter</Name>
</UnitOfMeasureTranslation>
<UnitOfMeasureTranslation domainID="bu">
<Name label="bu" plural="bushels">bushel</Name>
</UnitOfMeasureTranslation>
<UnitOfMeasureTranslation domainID="igal">
<Name label="igal" plural="igals">i-gallon</Name>
</UnitOfMeasureTranslation>
<UnitOfMeasureTranslation domainID="knot">
<Name label="kt" plural="knob">knob</Name>
</UnitOfMeasureTranslation>
<UnitOfMeasureTranslation domainID="arcdeg">
<Name label="°" plural="arcgrader">arcgrad</Name>
</UnitOfMeasureTranslation>
<UnitOfMeasureTranslation domainID="arcmin">
<Name label="arcmin" plural="arcminutter">arcminut</Name>
</UnitOfMeasureTranslation>
<UnitOfMeasureTranslation domainID="arcsec">
<Name label="arcsec" plural="arcsekunder">arcsekund</Name>
</UnitOfMeasureTranslation>
<UnitOfMeasureTranslation domainID="rad">
<Name label="rad" plural="radianer">radianer</Name>
</UnitOfMeasureTranslation>
<UnitOfMeasureTranslation domainID="thDeg">
<Name label="grader*10000" plural="grader*10000">Titusinddel af en grad</Name>
</UnitOfMeasureTranslation>
<UnitOfMeasureTranslation domainID="container">
<Name label="container" plural="containere">container</Name>
</UnitOfMeasureTranslation>
<UnitOfMeasureTranslation domainID="bag">
<Name label="pose" plural="poser">pose</Name>
</UnitOfMeasureTranslation>
<UnitOfMeasureTranslation domainID="month">
<Name label="month" plural="måneder">måned</Name>
</UnitOfMeasureTranslation>
<UnitOfMeasureTranslation domainID="year">
<Name label="year" plural="år">år</Name>
</UnitOfMeasureTranslation>
<UnitOfMeasureTranslation domainID="barrel">
<Name label="tønde" plural="tønder">tønde</Name>
</UnitOfMeasureTranslation>
<UnitOfMeasureTranslation domainID="sack">
<Name label="sæk" plural="sække">sæk</Name>
</UnitOfMeasureTranslation>
<UnitOfMeasureTranslation domainID="bale">
<Name label="baller" plural="baller">balle</Name>
</UnitOfMeasureTranslation>
<UnitOfMeasureTranslation domainID="cur">
<Name label="valuta" plural="valuta">valuta</Name>
</UnitOfMeasureTranslation>
<UnitOfMeasureTranslation domainID="seeds">
<Name label="frø" plural="frø">frø</Name>
</UnitOfMeasureTranslation>
<UnitOfMeasureTranslation domainID="thndSeeds">
<Name label="1000Frø" plural="1000Frø">tusindFrø</Name>
</UnitOfMeasureTranslation>
<UnitOfMeasureTranslation domainID="points">
<Name label="point" plural="point">point</Name>
</UnitOfMeasureTranslation>
<UnitOfMeasureTranslation domainID="row">
<Name label="rækker" plural="rækker">række</Name>
</UnitOfMeasureTranslation>
<UnitOfMeasureTranslation domainID="Pa">
<Name label="Pa" plural="Pa">Pascal</Name>
</UnitOfMeasureTranslation>
<UnitOfMeasureTranslation domainID="kPa">
<Name label="kPa" plural="kPa">kiloPascal</Name>
</UnitOfMeasureTranslation>
<UnitOfMeasureTranslation domainID="PSI">
<Name label="psi" plural="psi">psi</Name>
</UnitOfMeasureTranslation>
<UnitOfMeasureTranslation domainID="bar">
<Name label="bar" plural="bar">bar</Name>
</UnitOfMeasureTranslation>
<UnitOfMeasureTranslation domainID="mPa">
<Name label="mPa" plural="mPa">MilliPascal</Name>
</UnitOfMeasureTranslation>
<UnitOfMeasureTranslation domainID="N">
<Name label="N" plural="N">Newton</Name>
</UnitOfMeasureTranslation>
<UnitOfMeasureTranslation domainID="mN">
<Name label="mN" plural="mN">milliNewton</Name>
</UnitOfMeasureTranslation>
<UnitOfMeasureTranslation domainID="lbf">
<Name label="lbf" plural="pounds of force">pounds of force</Name>
</UnitOfMeasureTranslation>
<UnitOfMeasureTranslation domainID="RPM">
<Name label="n/min" plural="n/min">Omdrejninger pr. minut</Name>
</UnitOfMeasureTranslation>
<UnitOfMeasureTranslation domainID="hndrthRPM">
<Name label="n/min*100" plural="n/min*100">Hundred af omdrejninger pr. minut</Name>
</UnitOfMeasureTranslation>
<UnitOfMeasureTranslation domainID="hz">
<Name label="Hz" plural="hertz">hertz</Name>
</UnitOfMeasureTranslation>
<UnitOfMeasureTranslation domainID="count">
<Name label="antal" plural="antal">antal</Name>
</UnitOfMeasureTranslation>
<UnitOfMeasureTranslation domainID="V">
<Name label="V" plural="V">volt</Name>
</UnitOfMeasureTranslation>
<UnitOfMeasureTranslation domainID="mV">
<Name label="mV" plural="mV">millivolt</Name>
</UnitOfMeasureTranslation>
<UnitOfMeasureTranslation domainID="amp">
<Name label="A" plural="A">Ampere</Name>
</UnitOfMeasureTranslation>
<UnitOfMeasureTranslation domainID="mA">
<Name label="mA" plural="mA">Milliampere</Name>
</UnitOfMeasureTranslation>
<UnitOfMeasureTranslation domainID="field">
<Name label="mark" plural="marker">mark</Name>
</UnitOfMeasureTranslation>
<UnitOfMeasureTranslation domainID="P">
<Name label="poise" plural="poise">poise</Name>
</UnitOfMeasureTranslation>
<UnitOfMeasureTranslation domainID="cP">
<Name label="centipoise" plural="centipoise">centipoise</Name>
</UnitOfMeasureTranslation>
<UnitOfMeasureTranslation domainID="Nm">
<Name label="newton metre" plural="newton metre">newton metre</Name>
</UnitOfMeasureTranslation>
<UnitOfMeasureSystemTranslation domainID="umsEnglish">
<Name label="us">Engelsk</Name>
</UnitOfMeasureSystemTranslation>
<UnitOfMeasureSystemTranslation domainID="umsMetric">
<Name label="metrisk">Metrisk</Name>
</UnitOfMeasureSystemTranslation>
<UnitOfMeasureSystemTranslation domainID="umsImperial">
<Name label="us">Eng.</Name>
</UnitOfMeasureSystemTranslation>
<UnitOfMeasureSystemTranslation domainID="umsMixed">
<Name label="blandet">Blandet</Name>
</UnitOfMeasureSystemTranslation>
</UnitSystemTranslation>