﻿<?xml version="1.0" encoding="utf-8"?><UnitSystemTranslation xmlns="urn:schemas-johndeere-com:UnitSystemTranslation" xmlns:bt="urn:schemas-johndeere-com:BasicTypes" xmlns:unit="urn:schemas-johndeere-com:UnitSystem" xmlns:xsi="http://www.w3.org/2001/XMLSchema-instance" xsi:schemaLocation="urn:schemas-johndeere-com:UnitSystemTranslation UnitSystemTranslation.xsd" locale="el">
<SchemaVersion major="1" minor="0" />
<ContentVersion major="1" minor="0" />
<UnitTypeTranslation domainID="utDistance">
<Name>απόσταση</Name>
</UnitTypeTranslation>
<UnitTypeTranslation domainID="utTime">
<Name>χρόνος</Name>
</UnitTypeTranslation>
<UnitTypeTranslation domainID="utTemperature">
<Name>θερμοκρασία</Name>
</UnitTypeTranslation>
<UnitTypeTranslation domainID="utMass">
<Name>μάζα</Name>
</UnitTypeTranslation>
<UnitTypeTranslation domainID="utPercent">
<Name>ποσοστό</Name>
</UnitTypeTranslation>
<UnitTypeTranslation domainID="utUnitless">
<Name>Χωρίς μονάδα</Name>
</UnitTypeTranslation>
<UnitTypeTranslation domainID="utArea">
<Name>εμβαδόν</Name>
</UnitTypeTranslation>
<UnitTypeTranslation domainID="utVolume">
<Name>όγκος</Name>
</UnitTypeTranslation>
<UnitTypeTranslation domainID="utSpeed">
<Name>ταχύτητα</Name>
</UnitTypeTranslation>
<UnitTypeTranslation domainID="utMassPerArea">
<Name>μάζα ανά εμβαδόν</Name>
</UnitTypeTranslation>
<UnitTypeTranslation domainID="utVolumePerArea">
<Name>όγκος ανά εμβαδόν</Name>
</UnitTypeTranslation>
<UnitTypeTranslation domainID="utAngle">
<Name>γωνιακό άνυσμα</Name>
</UnitTypeTranslation>
<UnitTypeTranslation domainID="utMassPerVolume">
<Name>μάζα ανά όγκο</Name>
</UnitTypeTranslation>
<UnitTypeTranslation domainID="utVolumePerTime">
<Name>όγκος ανά χρόνο</Name>
</UnitTypeTranslation>
<UnitTypeTranslation domainID="utContainer">
<Name>εμπορευματοκιβώτιο</Name>
</UnitTypeTranslation>
<UnitTypeTranslation domainID="utBag">
<Name>τσουβάλι</Name>
</UnitTypeTranslation>
<UnitTypeTranslation domainID="utTimeSpan">
<Name>διάστημα</Name>
</UnitTypeTranslation>
<UnitTypeTranslation domainID="utBarrel">
<Name>βαρέλι</Name>
</UnitTypeTranslation>
<UnitTypeTranslation domainID="utSack">
<Name>σακί</Name>
</UnitTypeTranslation>
<UnitTypeTranslation domainID="utContainerPerArea">
<Name>εμπ/κιβ. ανά εμβαδόν</Name>
</UnitTypeTranslation>
<UnitTypeTranslation domainID="utBagPerArea">
<Name>τσουβ. ανά εμβ.</Name>
</UnitTypeTranslation>
<UnitTypeTranslation domainID="utBarrelPerArea">
<Name>βαρέλι ανά εμβαδόν</Name>
</UnitTypeTranslation>
<UnitTypeTranslation domainID="utSackPerArea">
<Name>σακί ανά εμβαδόν</Name>
</UnitTypeTranslation>
<UnitTypeTranslation domainID="utBale">
<Name>δέμα</Name>
</UnitTypeTranslation>
<UnitTypeTranslation domainID="utBalesPerArea">
<Name>δέματα ανά εμβαδόν</Name>
</UnitTypeTranslation>
<UnitTypeTranslation domainID="utBalesPerMass">
<Name>δέματα ανά μάζα</Name>
</UnitTypeTranslation>
<UnitTypeTranslation domainID="utBalesPerTime">
<Name>δέματα ανά χρόνο</Name>
</UnitTypeTranslation>
<UnitTypeTranslation domainID="utMassPerBale">
<Name>μάζα ανά δέμα</Name>
</UnitTypeTranslation>
<UnitTypeTranslation domainID="utBalesPerVolume">
<Name>δέματα ανά όγκο</Name>
</UnitTypeTranslation>
<UnitTypeTranslation domainID="utCurrency">
<Name>νόμισμα</Name>
</UnitTypeTranslation>
<UnitTypeTranslation domainID="utCurrencyPerContainer">
<Name>νόμισμα ανά εμπορ/κιβώτιο</Name>
</UnitTypeTranslation>
<UnitTypeTranslation domainID="utCurrencyPerBag">
<Name>νόμισμα ανά τσουβ.</Name>
</UnitTypeTranslation>
<UnitTypeTranslation domainID="utMassPerContainer">
<Name>μάζα ανά εμπορ/κιβ.</Name>
</UnitTypeTranslation>
<UnitTypeTranslation domainID="utMassPerBag">
<Name>μάζα ανά τσουβάλι</Name>
</UnitTypeTranslation>
<UnitTypeTranslation domainID="utMassPerBarrel">
<Name>μάζα ανά βαρέλι</Name>
</UnitTypeTranslation>
<UnitTypeTranslation domainID="utMassPerSack">
<Name>μάζα ανά σακί</Name>
</UnitTypeTranslation>
<UnitTypeTranslation domainID="utCurrencyPerBale">
<Name>νόμισμα ανά βαρέλι</Name>
</UnitTypeTranslation>
<UnitTypeTranslation domainID="utCurrencyPerArea">
<Name>νόμισμα ανά εμβαδόν</Name>
</UnitTypeTranslation>
<UnitTypeTranslation domainID="utCurrencyPerVolume">
<Name>νόμισμα ανά όγκο</Name>
</UnitTypeTranslation>
<UnitTypeTranslation domainID="utCurrencyPerTime">
<Name>νόμισμα ανά χρόνο</Name>
</UnitTypeTranslation>
<UnitTypeTranslation domainID="utSeeds">
<Name>σπόροι</Name>
</UnitTypeTranslation>
<UnitTypeTranslation domainID="utDataPoints">
<Name>σημεία</Name>
</UnitTypeTranslation>
<UnitTypeTranslation domainID="utSeedsPerArea">
<Name>σπόροι ανά εμβαδόν</Name>
</UnitTypeTranslation>
<UnitTypeTranslation domainID="utSeedsPerMass">
<Name>σπόροι ανά μάζα</Name>
</UnitTypeTranslation>
<UnitTypeTranslation domainID="utSeedsPerTime">
<Name>σπόροι ανά χρόνο</Name>
</UnitTypeTranslation>
<UnitTypeTranslation domainID="utSeedsPerVolume">
<Name>σπόροι ανά όγκο</Name>
</UnitTypeTranslation>
<UnitTypeTranslation domainID="utSeedsPerContainer">
<Name>σπόροι ανά εμπορ/κιβ.</Name>
</UnitTypeTranslation>
<UnitTypeTranslation domainID="utSeedsPerBag">
<Name>σπόροι ανά τσουβάλι</Name>
</UnitTypeTranslation>
<UnitTypeTranslation domainID="utSeedsPerBarrel">
<Name>σπόροι ανά βαρέλι</Name>
</UnitTypeTranslation>
<UnitTypeTranslation domainID="utSeedsPerSack">
<Name>σπόροι ανά σακί</Name>
</UnitTypeTranslation>
<UnitTypeTranslation domainID="utMassPerSeeds">
<Name>μάζα ανά σπόρους</Name>
</UnitTypeTranslation>
<UnitTypeTranslation domainID="utDataPointsPerTime">
<Name>σημεία δεδομένων ανά χρόνο</Name>
</UnitTypeTranslation>
<UnitTypeTranslation domainID="utRows">
<Name description="Μέτρηση γραμ. για γραμ. καλλιεργ.">γραμμές</Name>
</UnitTypeTranslation>
<UnitTypeTranslation domainID="utAreaPerTime">
<Name>εμβαδόν ανά χρόνο</Name>
</UnitTypeTranslation>
<UnitTypeTranslation domainID="utMassPerTime">
<Name>μάζα ανά χρόνο</Name>
</UnitTypeTranslation>
<UnitTypeTranslation domainID="utVolumePerMass">
<Name>όγκος ανά μάζα</Name>
</UnitTypeTranslation>
<UnitTypeTranslation domainID="utPressure">
<Name>πίεση</Name>
</UnitTypeTranslation>
<UnitTypeTranslation domainID="utForce">
<Name>δύναμη</Name>
</UnitTypeTranslation>
<UnitTypeTranslation domainID="utAngularVelocity">
<Name>γωνιακή ταχύτητα</Name>
</UnitTypeTranslation>
<UnitTypeTranslation domainID="utDistancePerPercent">
<Name>απόσταση ανά ποσοστό</Name>
</UnitTypeTranslation>
<UnitTypeTranslation domainID="utDistancePerDegree">
<Name>απόσταση ανά μοίρα</Name>
</UnitTypeTranslation>
<UnitTypeTranslation domainID="utFrequency">
<Name>συχνότητα</Name>
</UnitTypeTranslation>
<UnitTypeTranslation domainID="utCount">
<Name>καταμέτρηση</Name>
</UnitTypeTranslation>
<UnitTypeTranslation domainID="utMassPerMass">
<Name>Μάζα ανά μάζα</Name>
</UnitTypeTranslation>
<UnitTypeTranslation domainID="utVolumePerVolume">
<Name>όγκος ανά όγκο</Name>
</UnitTypeTranslation>
<UnitTypeTranslation domainID="utVoltage">
<Name>τάση</Name>
</UnitTypeTranslation>
<UnitTypeTranslation domainID="utElectricCurrent">
<Name>Ηλεκτρικό ρεύμα</Name>
</UnitTypeTranslation>
<UnitTypeTranslation domainID="utField">
<Name>αγρός</Name>
</UnitTypeTranslation>
<UnitTypeTranslation domainID="utPerContainer">
<Name>ανά εμπορ/κιβώτιο</Name>
</UnitTypeTranslation>
<UnitTypeTranslation domainID="utPerBag">
<Name>ανά τσουβ.</Name>
</UnitTypeTranslation>
<UnitTypeTranslation domainID="utPerSack">
<Name>ανά σακί </Name>
</UnitTypeTranslation>
<UnitTypeTranslation domainID="utPerVolume">
<Name>ανά όγκο</Name>
</UnitTypeTranslation>
<UnitTypeTranslation domainID="utPerMass">
<Name>ανά μάζα</Name>
</UnitTypeTranslation>
<UnitTypeTranslation domainID="utPerArea">
<Name>ανά εμβαδ</Name>
</UnitTypeTranslation>
<UnitTypeTranslation domainID="utPerField">
<Name>ανά αγρό</Name>
</UnitTypeTranslation>
<UnitTypeTranslation domainID="utPerTime">
<Name>ανά ώρα</Name>
</UnitTypeTranslation>
<UnitTypeTranslation domainID="utPerBale">
<Name>ανά δέμα</Name>
</UnitTypeTranslation>
<UnitTypeTranslation domainID="utCountPerArea">
<Name>μέτρηση ανά περιοχή</Name>
</UnitTypeTranslation>
<UnitTypeTranslation domainID="utVolumePerDistance">
<Name>--translate--</Name>
</UnitTypeTranslation>
<UnitTypeTranslation domainID="utViscosity">
<Name>viscosity</Name>
</UnitTypeTranslation>
<UnitTypeTranslation domainID="utTorque">
<Name>torque</Name>
</UnitTypeTranslation>
<UnitOfMeasureTranslation domainID="m">
<Name label="m" plural="μέτρα">μέτρο</Name>
</UnitOfMeasureTranslation>
<UnitOfMeasureTranslation domainID="ft">
<Name label="ft" plural="πόδια">πόδι</Name>
</UnitOfMeasureTranslation>
<UnitOfMeasureTranslation domainID="in">
<Name label="in" plural="ίντσες">ίντσα</Name>
</UnitOfMeasureTranslation>
<UnitOfMeasureTranslation domainID="mi">
<Name label="mi" plural="αγγλικά μίλια">αγγλικό μίλι</Name>
</UnitOfMeasureTranslation>
<UnitOfMeasureTranslation domainID="Nmi">
<Name label="Nmi" plural="ναυτικά μίλια">ναυτικό μίλι</Name>
</UnitOfMeasureTranslation>
<UnitOfMeasureTranslation domainID="yd">
<Name label="yd" plural="γιάρδα">γιάρδα</Name>
</UnitOfMeasureTranslation>
<UnitOfMeasureTranslation domainID="Em">
<Name label="Em" plural="εξάμετρα">εξάμετρο</Name>
</UnitOfMeasureTranslation>
<UnitOfMeasureTranslation domainID="Pm">
<Name label="Pm" plural="πετάμετρα">πετάμετρο</Name>
</UnitOfMeasureTranslation>
<UnitOfMeasureTranslation domainID="Tm">
<Name label="Tm" plural="τεράμετρα">τεράμετρο</Name>
</UnitOfMeasureTranslation>
<UnitOfMeasureTranslation domainID="Gm">
<Name label="Gm" plural="γιγάμετρα">γιγάμετρο</Name>
</UnitOfMeasureTranslation>
<UnitOfMeasureTranslation domainID="Mm">
<Name label="Mm" plural="μεγάμετρα">μεγάμετρο</Name>
</UnitOfMeasureTranslation>
<UnitOfMeasureTranslation domainID="km">
<Name label="km" plural="χιλιόμετρα">χιλιόμετρο</Name>
</UnitOfMeasureTranslation>
<UnitOfMeasureTranslation domainID="hm">
<Name label="hm" plural="εκατόμετρα">εκατόμετρο</Name>
</UnitOfMeasureTranslation>
<UnitOfMeasureTranslation domainID="dam">
<Name label="dam" plural="δεκάμετρα">δεκάμετρο</Name>
</UnitOfMeasureTranslation>
<UnitOfMeasureTranslation domainID="dm">
<Name label="dm" plural="δεκατόμετρα">δεκατόμετρο</Name>
</UnitOfMeasureTranslation>
<UnitOfMeasureTranslation domainID="cm">
<Name label="cm" plural="εκατοστόμετρα">εκατοστόμετρο</Name>
</UnitOfMeasureTranslation>
<UnitOfMeasureTranslation domainID="mm">
<Name label="mm" plural="χιλιοστόμετρα">χιλιοστόμετρο</Name>
</UnitOfMeasureTranslation>
<UnitOfMeasureTranslation domainID="um">
<Name label="um" plural="μικρόμετρα">μικρόμετρο</Name>
</UnitOfMeasureTranslation>
<UnitOfMeasureTranslation domainID="nm">
<Name label="nm" plural="νανόμετρα">νανόμετρο</Name>
</UnitOfMeasureTranslation>
<UnitOfMeasureTranslation domainID="pm">
<Name label="μμ" plural="πικόμετρα">πικόμετρο</Name>
</UnitOfMeasureTranslation>
<UnitOfMeasureTranslation domainID="fm">
<Name label="fm" plural="φεμτόμετρα">φεμτόμετρο</Name>
</UnitOfMeasureTranslation>
<UnitOfMeasureTranslation domainID="am">
<Name label="am" plural="αττόμετρα">αττόμετρο</Name>
</UnitOfMeasureTranslation>
<UnitOfMeasureTranslation domainID="hdm">
<Name label="100m" plural="Hundred Meter">Hundred Meter</Name>
</UnitOfMeasureTranslation>
<UnitOfMeasureTranslation domainID="us">
<Name label="ηπα" plural="μικροδευτ.">μικροδευτ.</Name>
</UnitOfMeasureTranslation>
<UnitOfMeasureTranslation domainID="ms">
<Name label="ms" plural="χιλιοστοδευτ">χιλιοστοδευτ</Name>
</UnitOfMeasureTranslation>
<UnitOfMeasureTranslation domainID="sec">
<Name label="sec" plural="δευτερ.">δευτερόλεπτο</Name>
</UnitOfMeasureTranslation>
<UnitOfMeasureTranslation domainID="min">
<Name label="min" plural="λεπτά">λεπτό</Name>
</UnitOfMeasureTranslation>
<UnitOfMeasureTranslation domainID="hr">
<Name label="h" plural="ώρες">ώρα</Name>
</UnitOfMeasureTranslation>
<UnitOfMeasureTranslation domainID="day">
<Name label="ημέρα" plural="ημέρες">ημέρα</Name>
</UnitOfMeasureTranslation>
<UnitOfMeasureTranslation domainID="wk">
<Name label="εβ" plural="εβδομάδες">εβδ.</Name>
</UnitOfMeasureTranslation>
<UnitOfMeasureTranslation domainID="C">
<Name label="°C" plural="κελσίου">κελσίου</Name>
</UnitOfMeasureTranslation>
<UnitOfMeasureTranslation domainID="F">
<Name label="°F" plural="φαρενάιτ">φαρενάιτ</Name>
</UnitOfMeasureTranslation>
<UnitOfMeasureTranslation domainID="K">
<Name label="K" plural="κέλβιν">κέλβιν</Name>
</UnitOfMeasureTranslation>
<UnitOfMeasureTranslation domainID="g">
<Name label="g" plural="γραμμάρια">γραμμάριο</Name>
</UnitOfMeasureTranslation>
<UnitOfMeasureTranslation domainID="lb">
<Name label="lb" plural="λίβρες">λίβρα</Name>
</UnitOfMeasureTranslation>
<UnitOfMeasureTranslation domainID="ton">
<Name label="τον" plural="τόνοι (Η.Π.Α.)">τόνος (Η.Π.Α.)</Name>
</UnitOfMeasureTranslation>
<UnitOfMeasureTranslation domainID="sg">
<Name label="sg" plural="slug">slug</Name>
</UnitOfMeasureTranslation>
<UnitOfMeasureTranslation domainID="ozm">
<Name label="oz" plural="ουγγιές">ουγγιά</Name>
</UnitOfMeasureTranslation>
<UnitOfMeasureTranslation domainID="troyoz">
<Name label="troy oz" plural="τρόυ ουγγιά">τρόυ ουγγιά</Name>
</UnitOfMeasureTranslation>
<UnitOfMeasureTranslation domainID="t">
<Name label="t" plural="τόνοι">τόνος</Name>
</UnitOfMeasureTranslation>
<UnitOfMeasureTranslation domainID="Eg">
<Name label="Eg" plural="εξαγραμμάρια">εξαγραμμάριο</Name>
</UnitOfMeasureTranslation>
<UnitOfMeasureTranslation domainID="Pg">
<Name label="Pg" plural="πεταγραμμάρια">πεταγραμμάριο</Name>
</UnitOfMeasureTranslation>
<UnitOfMeasureTranslation domainID="Tg">
<Name label="Tg" plural="τεραγραμμάρια">τεραγραμμάριο</Name>
</UnitOfMeasureTranslation>
<UnitOfMeasureTranslation domainID="Gg">
<Name label="Gg" plural="γιγαγραμμάρια">γιγαγραμμάριο</Name>
</UnitOfMeasureTranslation>
<UnitOfMeasureTranslation domainID="Mg">
<Name label="Mg" plural="μεγαγραμμάρια">μεγαγραμμάριο</Name>
</UnitOfMeasureTranslation>
<UnitOfMeasureTranslation domainID="kg">
<Name label="kg" plural="χιλιογραμμάρια">χιλιογραμμάριο</Name>
</UnitOfMeasureTranslation>
<UnitOfMeasureTranslation domainID="hg">
<Name label="hg" plural="εκατογραμμάρια">εκατογραμμάριο</Name>
</UnitOfMeasureTranslation>
<UnitOfMeasureTranslation domainID="dag">
<Name label="dkg" plural="δεκαγραμμάρια">δεκαγραμμάριο</Name>
</UnitOfMeasureTranslation>
<UnitOfMeasureTranslation domainID="dg">
<Name label="dg" plural="δεκατογραμμάρια">δεκατογραμμάριο</Name>
</UnitOfMeasureTranslation>
<UnitOfMeasureTranslation domainID="cg">
<Name label="cg" plural="εκατοστογραμάρια">εκατοστογραμμάριο</Name>
</UnitOfMeasureTranslation>
<UnitOfMeasureTranslation domainID="mg">
<Name label="mg" plural="χιλιοστογραμμάρια">χιλιοστογραμμάριο</Name>
</UnitOfMeasureTranslation>
<UnitOfMeasureTranslation domainID="ug">
<Name label="ug" plural="μικρογραμμάρια">μικρογραμμάριο</Name>
</UnitOfMeasureTranslation>
<UnitOfMeasureTranslation domainID="ng">
<Name label="ng" plural="νανογραμμάρια">νανογραμμάριο</Name>
</UnitOfMeasureTranslation>
<UnitOfMeasureTranslation domainID="pg">
<Name label="pg" plural="πικογραμμάρια">πικογραμμάριο</Name>
</UnitOfMeasureTranslation>
<UnitOfMeasureTranslation domainID="fg">
<Name label="fg" plural="φεμτογραμμάρια">φεμτογραμμάριο</Name>
</UnitOfMeasureTranslation>
<UnitOfMeasureTranslation domainID="ag">
<Name label="ag" plural="αττογραμμάρια">αττογραμμάριο</Name>
</UnitOfMeasureTranslation>
<UnitOfMeasureTranslation domainID="stone">
<Name label="λίθος" plural="λίθοι">λίθος</Name>
</UnitOfMeasureTranslation>
<UnitOfMeasureTranslation domainID="cwt">
<Name label="στατηρ." plural="στατήρας">στατήρας</Name>
</UnitOfMeasureTranslation>
<UnitOfMeasureTranslation domainID="ratio">
<Name label="λόγος" plural="λόγος">λόγος</Name>
</UnitOfMeasureTranslation>
<UnitOfMeasureTranslation domainID="prcnt">
<Name label="%" plural="ποσοστό">ποσοστό</Name>
</UnitOfMeasureTranslation>
<UnitOfMeasureTranslation domainID="prcntHndth">
<Name label="%/100" plural="τοις εκατό">τοις εκατό</Name>
</UnitOfMeasureTranslation>
<UnitOfMeasureTranslation domainID="ppm">
<Name label="ppm" plural="ppm">Μέρη ανά εκατομμύριο</Name>
</UnitOfMeasureTranslation>
<UnitOfMeasureTranslation domainID="unitless">
<Name label="unitless" plural="χωρίς μονάδα">χωρίς μονάδα</Name>
</UnitOfMeasureTranslation>
<UnitOfMeasureTranslation domainID="ha">
<Name label="ha" plural="εκτάρια">εκτάριο</Name>
</UnitOfMeasureTranslation>
<UnitOfMeasureTranslation domainID="ac">
<Name label="ac" plural="ακρ">ακρ</Name>
</UnitOfMeasureTranslation>
<UnitOfMeasureTranslation domainID="thsndSqFt">
<Name label="1000 sq.ft" plural="χίλια τετραγωνικά πόδια">χίλια τετραγωνικά πόδια</Name>
</UnitOfMeasureTranslation>
<UnitOfMeasureTranslation domainID="l">
<Name label="l" plural="λίτρα">λίτρο</Name>
</UnitOfMeasureTranslation>
<UnitOfMeasureTranslation domainID="floz">
<Name label="floz" plural="ουγγιές όγκου">ουγγιά όγκου</Name>
</UnitOfMeasureTranslation>
<UnitOfMeasureTranslation domainID="gal">
<Name label="gal" plural="γαλόνια">γαλόνι</Name>
</UnitOfMeasureTranslation>
<UnitOfMeasureTranslation domainID="thsndgal">
<Name label="γαλ X 1000" plural="χίλια γαλόνια">χίλια στο γαλόνι</Name>
</UnitOfMeasureTranslation>
<UnitOfMeasureTranslation domainID="qtdry">
<Name label="dry qt" plural="κουώρτ">κουώρτ</Name>
</UnitOfMeasureTranslation>
<UnitOfMeasureTranslation domainID="ptdry">
<Name label="dry pt" plural="πίντες (Η.Π.Α)">πίντα (Η.Π.Α)</Name>
</UnitOfMeasureTranslation>
<UnitOfMeasureTranslation domainID="qt">
<Name label="qt" plural="κουώρτ (Η.Π.Α)">κουώρτ (Η.Π.Α)</Name>
</UnitOfMeasureTranslation>
<UnitOfMeasureTranslation domainID="pt">
<Name label="pt" plural="πίντες (Η.Π.Α.)">πίντα (Η.Π.Α.)</Name>
</UnitOfMeasureTranslation>
<UnitOfMeasureTranslation domainID="uk_pt">
<Name label="uk_pt" plural="πίντες (Η.Β.)">πίντα (Η.Β.)</Name>
</UnitOfMeasureTranslation>
<UnitOfMeasureTranslation domainID="El">
<Name label="El" plural="εξάλιτρα">εξάλιτρο</Name>
</UnitOfMeasureTranslation>
<UnitOfMeasureTranslation domainID="Pl">
<Name label="Pl" plural="πετάλιτρα">πετάλιτρο</Name>
</UnitOfMeasureTranslation>
<UnitOfMeasureTranslation domainID="Tl">
<Name label="Tl" plural="τεράλιτρα">τεράλιτρο</Name>
</UnitOfMeasureTranslation>
<UnitOfMeasureTranslation domainID="Gl">
<Name label="Gl" plural="γιγάλιτρα">γιγάλιτρο</Name>
</UnitOfMeasureTranslation>
<UnitOfMeasureTranslation domainID="Ml">
<Name label="Ml" plural="μεγάλιτρα">μεγάλιτρο</Name>
</UnitOfMeasureTranslation>
<UnitOfMeasureTranslation domainID="kl">
<Name label="kl" plural="χιλιόλιτρα">χιλιόλιτρο</Name>
</UnitOfMeasureTranslation>
<UnitOfMeasureTranslation domainID="hl">
<Name label="hl" plural="εκατόλιτρα">εκατόλιτρο</Name>
</UnitOfMeasureTranslation>
<UnitOfMeasureTranslation domainID="dal">
<Name label="dal" plural="δεκάλιτρα">δεκάλιτρο</Name>
</UnitOfMeasureTranslation>
<UnitOfMeasureTranslation domainID="dl">
<Name label="dl" plural="δεκατόλιτρα">δεκατόλιτρο</Name>
</UnitOfMeasureTranslation>
<UnitOfMeasureTranslation domainID="cl">
<Name label="cl" plural="εκατοστόλιτρα">εκατοστόλιτρο</Name>
</UnitOfMeasureTranslation>
<UnitOfMeasureTranslation domainID="ml">
<Name label="ml" plural="χιλιοστόλιτρα">χιλιοστόλιτρο</Name>
</UnitOfMeasureTranslation>
<UnitOfMeasureTranslation domainID="ul">
<Name label="ul" plural="μικρόλιτρα">μικρόλιτρο</Name>
</UnitOfMeasureTranslation>
<UnitOfMeasureTranslation domainID="nl">
<Name label="nl" plural="νανόλιτρα">νανόλιτρο</Name>
</UnitOfMeasureTranslation>
<UnitOfMeasureTranslation domainID="pl">
<Name label="pl" plural="πικόλιτρα">πικόλιτρο</Name>
</UnitOfMeasureTranslation>
<UnitOfMeasureTranslation domainID="fl">
<Name label="fl" plural="φεμτόλιτρα">φεμτόλιτρο</Name>
</UnitOfMeasureTranslation>
<UnitOfMeasureTranslation domainID="al">
<Name label="al" plural="αττόλιτρα">αττόλιτρο</Name>
</UnitOfMeasureTranslation>
<UnitOfMeasureTranslation domainID="bu">
<Name label="bu" plural="εκατόλιτρα (η.π.α)">εκατόλιτρο (η.π.α)</Name>
</UnitOfMeasureTranslation>
<UnitOfMeasureTranslation domainID="igal">
<Name label="igal" plural="igal">Βρετανικό γαλόνι</Name>
</UnitOfMeasureTranslation>
<UnitOfMeasureTranslation domainID="knot">
<Name label="kt" plural="κόμβοι">κόμβος</Name>
</UnitOfMeasureTranslation>
<UnitOfMeasureTranslation domainID="arcdeg">
<Name label="°." plural="μοίρες τόξου">μοίρα τόξου</Name>
</UnitOfMeasureTranslation>
<UnitOfMeasureTranslation domainID="arcmin">
<Name label="arcmin" plural="λεπτά τόξου">λεπτό τόξου</Name>
</UnitOfMeasureTranslation>
<UnitOfMeasureTranslation domainID="arcsec">
<Name label="δευτ.τόξου" plural="δευτ. τόξου">δευτ. τόξου</Name>
</UnitOfMeasureTranslation>
<UnitOfMeasureTranslation domainID="rad">
<Name label="rad" plural="ακτίνια">ακτίνια</Name>
</UnitOfMeasureTranslation>
<UnitOfMeasureTranslation domainID="thDeg">
<Name label="deg*10000" plural="deg*10000">Δέκα χιλιοστά της μοίρας</Name>
</UnitOfMeasureTranslation>
<UnitOfMeasureTranslation domainID="container">
<Name label="εμπορευματοκιβώτιο" plural="εμπορευματοκιβώτια">εμπορευματοκιβώτιο</Name>
</UnitOfMeasureTranslation>
<UnitOfMeasureTranslation domainID="bag">
<Name label="τσουβάλι" plural="τσουβάλια">τσουβάλι</Name>
</UnitOfMeasureTranslation>
<UnitOfMeasureTranslation domainID="month">
<Name label="month" plural="μήνες">μήνας</Name>
</UnitOfMeasureTranslation>
<UnitOfMeasureTranslation domainID="year">
<Name label="year" plural="έτη">έτος</Name>
</UnitOfMeasureTranslation>
<UnitOfMeasureTranslation domainID="barrel">
<Name label="βαρέλι" plural="βαρέλια">βαρέλι</Name>
</UnitOfMeasureTranslation>
<UnitOfMeasureTranslation domainID="sack">
<Name label="σακί" plural="σακιά">σακί</Name>
</UnitOfMeasureTranslation>
<UnitOfMeasureTranslation domainID="bale">
<Name label="δέματα" plural="δέματα">δέμα</Name>
</UnitOfMeasureTranslation>
<UnitOfMeasureTranslation domainID="cur">
<Name label="νόμισμα" plural="νόμισμα">νόμισμα</Name>
</UnitOfMeasureTranslation>
<UnitOfMeasureTranslation domainID="seeds">
<Name label="σπόροι" plural="σπόροι">σπόρος</Name>
</UnitOfMeasureTranslation>
<UnitOfMeasureTranslation domainID="thndSeeds">
<Name label="1000 σπόροι" plural="1000 σπόροι">χίλιοι σπόροι</Name>
</UnitOfMeasureTranslation>
<UnitOfMeasureTranslation domainID="points">
<Name label="σημεία" plural="σημεία">σημείο</Name>
</UnitOfMeasureTranslation>
<UnitOfMeasureTranslation domainID="row">
<Name label="γραμμές" plural="γραμμές">γραμμή</Name>
</UnitOfMeasureTranslation>
<UnitOfMeasureTranslation domainID="Pa">
<Name label="Pa" plural="Pa">Πασκάλ</Name>
</UnitOfMeasureTranslation>
<UnitOfMeasureTranslation domainID="kPa">
<Name label="kPa" plural="kPa">κιλοΠασκάλ</Name>
</UnitOfMeasureTranslation>
<UnitOfMeasureTranslation domainID="PSI">
<Name label="PSI" plural="PSI">PSI</Name>
</UnitOfMeasureTranslation>
<UnitOfMeasureTranslation domainID="bar">
<Name label="μπαρ" plural="μπαρ">μπαρ</Name>
</UnitOfMeasureTranslation>
<UnitOfMeasureTranslation domainID="mPa">
<Name label="mPa" plural="mPa">MilliPascal</Name>
</UnitOfMeasureTranslation>
<UnitOfMeasureTranslation domainID="N">
<Name label="Ν" plural="Ν">Νιούτον</Name>
</UnitOfMeasureTranslation>
<UnitOfMeasureTranslation domainID="mN">
<Name label="mN" plural="mN">χιλιοστονιούτον</Name>
</UnitOfMeasureTranslation>
<UnitOfMeasureTranslation domainID="lbf">
<Name label="lbf" plural="κιλά δύναμης">κιλά δύναμης</Name>
</UnitOfMeasureTranslation>
<UnitOfMeasureTranslation domainID="RPM">
<Name label="n/min" plural="n/min">Περιστροφές ανά λεπτό</Name>
</UnitOfMeasureTranslation>
<UnitOfMeasureTranslation domainID="hndrthRPM">
<Name label="n/min*100" plural="n/min*100">Εκατοντάδες περιστροφών ανά λεπτό</Name>
</UnitOfMeasureTranslation>
<UnitOfMeasureTranslation domainID="hz">
<Name label="Hz" plural="χερτζ">χερτζ</Name>
</UnitOfMeasureTranslation>
<UnitOfMeasureTranslation domainID="count">
<Name label="καταμέτρηση" plural="καταμέτρηση">καταμέτρηση</Name>
</UnitOfMeasureTranslation>
<UnitOfMeasureTranslation domainID="V">
<Name label="V" plural="V">Volt</Name>
</UnitOfMeasureTranslation>
<UnitOfMeasureTranslation domainID="mV">
<Name label="mV" plural="mV">χιλιοστό του βολτ</Name>
</UnitOfMeasureTranslation>
<UnitOfMeasureTranslation domainID="amp">
<Name label="A" plural="A">Αμπέρ</Name>
</UnitOfMeasureTranslation>
<UnitOfMeasureTranslation domainID="mA">
<Name label="mA" plural="mA">Μιλιαμπέρ</Name>
</UnitOfMeasureTranslation>
<UnitOfMeasureTranslation domainID="field">
<Name label="αγρός" plural="αγροί">αγρός</Name>
</UnitOfMeasureTranslation>
<UnitOfMeasureTranslation domainID="P">
<Name label="poise" plural="poise">poise</Name>
</UnitOfMeasureTranslation>
<UnitOfMeasureTranslation domainID="cP">
<Name label="centipoise" plural="centipoise">centipoise</Name>
</UnitOfMeasureTranslation>
<UnitOfMeasureTranslation domainID="Nm">
<Name label="newton metre" plural="newton metre">newton metre</Name>
</UnitOfMeasureTranslation>
<UnitOfMeasureSystemTranslation domainID="umsEnglish">
<Name label="us">Αγγλικά</Name>
</UnitOfMeasureSystemTranslation>
<UnitOfMeasureSystemTranslation domainID="umsMetric">
<Name label="μετρικό σύστημα">Μετρικό σύστημα</Name>
</UnitOfMeasureSystemTranslation>
<UnitOfMeasureSystemTranslation domainID="umsImperial">
<Name label="us">Βρετανικό</Name>
</UnitOfMeasureSystemTranslation>
<UnitOfMeasureSystemTranslation domainID="umsMixed">
<Name label="μικτό">Μικτό</Name>
</UnitOfMeasureSystemTranslation>
</UnitSystemTranslation>