﻿<?xml version="1.0" encoding="utf-8"?>
<UnitSystem xmlns="urn:schemas-johndeere-com:UnitSystem" xmlns:bt="urn:schemas-johndeere-com:BasicTypes" xmlns:xsi="http://www.w3.org/2001/XMLSchema-instance" xsi:schemaLocation="urn:schemas-johndeere-com:UnitSystem UnitSystem.xsd">
  <SchemaVersion major="1" minor="5" />
  <ContentVersion major="1" minor="36" />
  <SupportedLanguages>
    <Language>en</Language>
    <Language>de</Language>
    <Language>fr</Language>
    <Language>da</Language>
    <Language>nl</Language>
    <Language>es</Language>
    <Language>it</Language>
    <Language>pt</Language>
    <Language>ru</Language>
    <Language>hu</Language>
    <Language>cs</Language>
    <Language>sk</Language>
    <Language>fi</Language>
    <Language>sv</Language>
    <Language>et</Language>
    <Language>lv</Language>
    <Language>lt</Language>
    <Language>no</Language>
    <Language>pl</Language>
    <Language>bg</Language>
    <Language>hr</Language>
    <Language>ro</Language>
    <Language>tr</Language>
    <Language>el</Language>
    <Language>is</Language>
    <Language>sr</Language>
    <Language>sl</Language>
  </SupportedLanguages>
  <UnitTypes>
    <UnitType domainID="utDistance">
      <UnitTypeRepresentation domainID="urDistance">
        <UnitOfMeasure domainID="m" scale="1" baseOffset="0">
          <Name locale="en" label="m" plural="meters">meter</Name>
        </UnitOfMeasure>
        <UnitOfMeasure domainID="ft" scale="0.3048" baseOffset="0">
          <Name locale="en" label="ft" plural="feet">foot</Name>
        </UnitOfMeasure>
        <UnitOfMeasure domainID="in" scale="0.0254" baseOffset="0">
          <Name locale="en" label="in" plural="inches">inch</Name>
        </UnitOfMeasure>
        <UnitOfMeasure domainID="mi" scale="1609.344" baseOffset="0">
          <Name locale="en" label="mi" plural="statute miles">statute mile</Name>
        </UnitOfMeasure>
        <UnitOfMeasure domainID="Nmi" scale="1852" baseOffset="0">
          <Name locale="en" label="Nmi" plural="nautical miles">nautical mile</Name>
        </UnitOfMeasure>
        <UnitOfMeasure domainID="yd" scale="0.9144" baseOffset="0">
          <Name locale="en" label="yd" plural="yard">yard</Name>
        </UnitOfMeasure>
        <UnitOfMeasure domainID="Em" scale="1.00E+18" baseOffset="0">
          <Name locale="en" label="Em" plural="exameters">exameter</Name>
        </UnitOfMeasure>
        <UnitOfMeasure domainID="Pm" scale="1.00E+15" baseOffset="0">
          <Name locale="en" label="Pm" plural="petameters">petameter</Name>
        </UnitOfMeasure>
        <UnitOfMeasure domainID="Tm" scale="1.00E+12" baseOffset="0">
          <Name locale="en" label="Tm" plural="terameters">terameter</Name>
        </UnitOfMeasure>
        <UnitOfMeasure domainID="Gm" scale="1.00E+09" baseOffset="0">
          <Name locale="en" label="Gm" plural="gigameters">gigameter</Name>
        </UnitOfMeasure>
        <UnitOfMeasure domainID="Mm" scale="1.00E+06" baseOffset="0">
          <Name locale="en" label="Mm" plural="megameters">megameter</Name>
        </UnitOfMeasure>
        <UnitOfMeasure domainID="km" scale="1.00E+03" baseOffset="0">
          <Name locale="en" label="km" plural="kilometers">kilometer</Name>
        </UnitOfMeasure>
        <UnitOfMeasure domainID="hm" scale="1.00E+02" baseOffset="0">
          <Name locale="en" label="hm" plural="hectometers">hectometer</Name>
        </UnitOfMeasure>
        <UnitOfMeasure domainID="dam" scale="1.00E+01" baseOffset="0">
          <Name locale="en" label="dam" plural="dekameters">dekameter</Name>
        </UnitOfMeasure>
        <UnitOfMeasure domainID="dm" scale="1.00E-01" baseOffset="0">
          <Name locale="en" label="dm" plural="decimeters">decimeter</Name>
        </UnitOfMeasure>
        <UnitOfMeasure domainID="cm" scale="1.00E-02" baseOffset="0">
          <Name locale="en" label="cm" plural="centimeters">centimeter</Name>
        </UnitOfMeasure>
        <UnitOfMeasure domainID="mm" scale="1.00E-03" baseOffset="0">
          <Name locale="en" label="mm" plural="millimeters">millimeter</Name>
        </UnitOfMeasure>
        <UnitOfMeasure domainID="um" scale="1.00E-06" baseOffset="0">
          <Name locale="en" label="um" plural="micrometers">micrometer</Name>
        </UnitOfMeasure>
        <UnitOfMeasure domainID="nm" scale="1.00E-09" baseOffset="0">
          <Name locale="en" label="nm" plural="nanometers">nanometer</Name>
        </UnitOfMeasure>
        <UnitOfMeasure domainID="pm" scale="1.00E-12" baseOffset="0">
          <Name locale="en" label="pm" plural="picometers">picometer</Name>
        </UnitOfMeasure>
        <UnitOfMeasure domainID="fm" scale="1.00E-15" baseOffset="0">
          <Name locale="en" label="fm" plural="femtometers">femtometer</Name>
        </UnitOfMeasure>
        <UnitOfMeasure domainID="am" scale="1.00E-18" baseOffset="0">
          <Name locale="en" label="am" plural="attometers">attometer</Name>
        </UnitOfMeasure>
      </UnitTypeRepresentation>
      <Name locale="en">distance</Name>
    </UnitType>
    <UnitType domainID="utTime">
      <UnitTypeRepresentation domainID="urTime">
        <UnitOfMeasure domainID="us" scale="0.000001" baseOffset="0">
          <Name locale="en" label="us" plural="microseconds">microsecond</Name>
        </UnitOfMeasure>
        <UnitOfMeasure domainID="ms" scale="0.001" baseOffset="0">
          <Name locale="en" label="ms" plural="milliseconds">millisecond</Name>
        </UnitOfMeasure>
        <UnitOfMeasure domainID="sec" scale="1" baseOffset="0">
          <Name locale="en" label="sec" plural="seconds">second</Name>
        </UnitOfMeasure>
        <UnitOfMeasure domainID="min" scale="60" baseOffset="0">
          <Name locale="en" label="min" plural="minutes">minute</Name>
        </UnitOfMeasure>
        <UnitOfMeasure domainID="hr" scale="3600" baseOffset="0">
          <Name locale="en" label="h" plural="hours">hour</Name>
        </UnitOfMeasure>
        <UnitOfMeasure domainID="day" scale="86400" baseOffset="0">
          <Name locale="en" label="day" plural="days">day</Name>
        </UnitOfMeasure>
        <UnitOfMeasure domainID="wk" scale="604800" baseOffset="0">
          <Name locale="en" label="wk" plural="weeks">week</Name>
        </UnitOfMeasure>
      </UnitTypeRepresentation>
      <Name locale="en">time</Name>
    </UnitType>
    <UnitType domainID="utTemperature">
      <UnitTypeRepresentation domainID="urTemperature">
        <UnitOfMeasure domainID="C" scale="1" baseOffset="0">
          <Name locale="en" label="°C" plural="celsius">celsius</Name>
        </UnitOfMeasure>
        <UnitOfMeasure domainID="F" scale="0.55555555555555555555555555555556" baseOffset="-17.777777777777777777777777777778">
          <Name locale="en" label="°F" plural="fahrenheit">fahrenheit</Name>
        </UnitOfMeasure>
        <UnitOfMeasure domainID="K" scale="1" baseOffset="-273.15">
          <Name locale="en" label="K" plural="kelvin">kelvin</Name>
        </UnitOfMeasure>
      </UnitTypeRepresentation>
      <Name locale="en">temperature</Name>
    </UnitType>
    <UnitType domainID="utMass">
      <UnitTypeRepresentation domainID="urMass">
        <UnitOfMeasure domainID="g" scale="1" baseOffset="0">
          <Name locale="en" label="g" plural="grams">gram</Name>
        </UnitOfMeasure>
        <!--lb is an Avoirdupois pound-->
        <UnitOfMeasure domainID="lb" scale="453.59237" baseOffset="0">
          <Name locale="en" label="lb" plural="pounds">pound</Name>
        </UnitOfMeasure>
        <!--domainID ton is a standard Short Ton-->
        <UnitOfMeasure domainID="ton" scale="907184.74" baseOffset="0">
          <Name locale="en" label="ton" plural="tons (U.S.)">ton (U.S.)</Name>
        </UnitOfMeasure>
        <UnitOfMeasure domainID="sg" scale="467002.9574" baseOffset="0">
          <Name locale="en" label="sg" plural="slugs">slug</Name>
        </UnitOfMeasure>
        <!--ozm is an Avoirdupois ounce-->
        <UnitOfMeasure domainID="ozm" scale="28.349523125" baseOffset="0">
          <Name locale="en" label="oz" plural="mass ounces">mass ounce</Name>
        </UnitOfMeasure>
        <!--troyoz is a troy or Apothecaries ounce-->
        <UnitOfMeasure domainID="troyoz" scale="31.1034768" baseOffset="0">
          <Name locale="en" label="troy oz" plural="troy ounces">troy ounce</Name>
        </UnitOfMeasure>
        <!--t is a metric tonne-->
        <UnitOfMeasure domainID="t" scale="1.00E+06" baseOffset="0">
          <Name locale="en" label="t" plural="tonnes">tonne</Name>
        </UnitOfMeasure>
        <UnitOfMeasure domainID="Eg" scale="1.00E+18" baseOffset="0">
          <Name locale="en" label="Eg" plural="exagrams">exagram</Name>
        </UnitOfMeasure>
        <UnitOfMeasure domainID="Pg" scale="1.00E+15" baseOffset="0">
          <Name locale="en" label="Pg" plural="petagrams">petagram</Name>
        </UnitOfMeasure>
        <UnitOfMeasure domainID="Tg" scale="1.00E+12" baseOffset="0">
          <Name locale="en" label="Tg" plural="teragrams">teragram</Name>
        </UnitOfMeasure>
        <UnitOfMeasure domainID="Gg" scale="1.00E+09" baseOffset="0">
          <Name locale="en" label="Gg" plural="gigagrams">gigagram</Name>
        </UnitOfMeasure>
        <UnitOfMeasure domainID="Mg" scale="1.00E+06" baseOffset="0">
          <Name locale="en" label="Mg" plural="megagrams">megagram</Name>
        </UnitOfMeasure>
        <UnitOfMeasure domainID="kg" scale="1.00E+03" baseOffset="0">
          <Name locale="en" label="kg" plural="kilograms">kilogram</Name>
        </UnitOfMeasure>
        <UnitOfMeasure domainID="hg" scale="1.00E+02" baseOffset="0">
          <Name locale="en" label="hg" plural="hectograms">hectogram</Name>
        </UnitOfMeasure>
        <UnitOfMeasure domainID="dag" scale="1.00E+01" baseOffset="0">
          <Name locale="en" label="dkg" plural="dekagrams">dekagram</Name>
        </UnitOfMeasure>
        <UnitOfMeasure domainID="dg" scale="1.00E-01" baseOffset="0">
          <Name locale="en" label="dg" plural="decigrams">decigram</Name>
        </UnitOfMeasure>
        <UnitOfMeasure domainID="cg" scale="1.00E-02" baseOffset="0">
          <Name locale="en" label="cg" plural="centigrams">centigram</Name>
        </UnitOfMeasure>
        <UnitOfMeasure domainID="mg" scale="1.00E-03" baseOffset="0">
          <Name locale="en" label="mg" plural="milligrams">milligram</Name>
        </UnitOfMeasure>
        <UnitOfMeasure domainID="ug" scale="1.00E-06" baseOffset="0">
          <Name locale="en" label="ug" plural="micrograms">microgram</Name>
        </UnitOfMeasure>
        <UnitOfMeasure domainID="ng" scale="1.00E-09" baseOffset="0">
          <Name locale="en" label="ng" plural="nanograms">nanogram</Name>
        </UnitOfMeasure>
        <UnitOfMeasure domainID="pg" scale="1.00E-12" baseOffset="0">
          <Name locale="en" label="pg" plural="picograms">picogram</Name>
        </UnitOfMeasure>
        <UnitOfMeasure domainID="fg" scale="1.00E-15" baseOffset="0">
          <Name locale="en" label="fg" plural="femtograms">femtogram</Name>
        </UnitOfMeasure>
        <UnitOfMeasure domainID="ag" scale="1.00E-18" baseOffset="0">
          <Name locale="en" label="ag" plural="attograms">attogram</Name>
        </UnitOfMeasure>
        <UnitOfMeasure domainID="stone" scale="6350.293" baseOffset="0">
          <Name locale="en" label="stone" plural="stones">stone</Name>
        </UnitOfMeasure>
        <UnitOfMeasure domainID="cwt" scale="45359.237" baseOffset="0">
          <Name locale="en" label="cwt" plural="hundred weight">hundred weight</Name>
        </UnitOfMeasure>
      </UnitTypeRepresentation>
      <Name locale="en">mass</Name>
    </UnitType>
    <UnitType domainID="utPercent">
      <UnitTypeRepresentation domainID="urPercent">
        <UnitOfMeasure domainID="ratio" scale="100" baseOffset="0">
          <Name plural="ratio" label="ratio" locale="en">ratio</Name>
        </UnitOfMeasure>
        <UnitOfMeasure domainID="prcnt" scale="1" baseOffset="0">
          <Name locale="en" label="%" plural="percent">percent</Name>
        </UnitOfMeasure>
        <UnitOfMeasure domainID="prcntHndth" scale="0.01" baseOffset="0">
          <Name locale="en" label="%/100" plural="hundredth of a percent">hundredth of a percent</Name>
        </UnitOfMeasure>
      </UnitTypeRepresentation>
      <Name locale="en">percent</Name>
    </UnitType>
    <UnitType domainID="utArea">
      <UnitTypeRepresentation domainID="urArea">
        <UnitOfMeasure domainID="ha" scale="1" baseOffset="0">
          <Name locale="en" label="ha" plural="hectares">hectare</Name>
        </UnitOfMeasure>
        <UnitOfMeasure domainID="ac" scale="0.40468564224" baseOffset="0">
          <Name locale="en" label="ac" plural="acres">acre</Name>
        </UnitOfMeasure>
        <UnitOfMeasure domainID="thsndSqFt" scale="0.009290304" baseOffset="0">
          <Name locale="en" label="1000 sq.ft" plural="thousand square feet">thousand square feet</Name>
        </UnitOfMeasure>
      </UnitTypeRepresentation>
      <CompositeUnitTypeRepresentation domainID="urAreaDistanceSquared" scale="0.0001" baseOffset="0">
        <UnitTypeRef unitTypeRef="utDistance" power="2" baseUnitOfMeasureRef="m" />
      </CompositeUnitTypeRepresentation>
      <Name locale="en">area</Name>
    </UnitType>
    <UnitType domainID="utVolume">
      <UnitTypeRepresentation domainID="urVolume">
        <UnitOfMeasure domainID="l" scale="1" baseOffset="0">
          <Name locale="en" label="l" plural="liters">liter</Name>
        </UnitOfMeasure>
        <UnitOfMeasure domainID="floz" scale="0.0295735295625" baseOffset="0">
          <Name locale="en" label="floz" plural="fluid ounces">fluid ounce</Name>
        </UnitOfMeasure>
        <UnitOfMeasure domainID="gal" scale="3.7854117839999990045608623145155" baseOffset="0">
          <Name locale="en" label="gal" plural="gallons">gallon</Name>
        </UnitOfMeasure>
        <UnitOfMeasure domainID="thsndgal" scale="3785.411784" baseOffset="0">
          <Name locale="en" label="gal X 1000" plural="thousand gallons">thousand gallon</Name>
        </UnitOfMeasure>
        <UnitOfMeasure domainID="qtdry" scale="1.1012209427149997104150121128761" baseOffset="0">
          <Name locale="en" label="dry qt" plural="dry quarts">dry quart</Name>
        </UnitOfMeasure>
        <UnitOfMeasure domainID="ptdry" scale="0.55061047135749985520750605643806" baseOffset="0">
          <Name locale="en" label="dry pt" plural="dry pints (U.S.)">dry pint (U.S.)</Name>
        </UnitOfMeasure>
        <UnitOfMeasure domainID="qt" scale="0.946352946" baseOffset="0">
          <Name locale="en" label="qt" plural="quarts">quart</Name>
        </UnitOfMeasure>
        <UnitOfMeasure domainID="pt" scale="0.473176473" baseOffset="0">
          <Name locale="en" label="pt" plural="pints (U.S.)">pint (U.S.)</Name>
        </UnitOfMeasure>
        <UnitOfMeasure domainID="uk_pt" scale="0.568260698" baseOffset="0">
          <Name locale="en" label="uk_pt" plural="pints (U.K.)">pint (U.K.)</Name>
        </UnitOfMeasure>
        <UnitOfMeasure domainID="El" scale="1.00E+18" baseOffset="0">
          <Name locale="en" label="El" plural="exaliters">exaliter</Name>
        </UnitOfMeasure>
        <UnitOfMeasure domainID="Pl" scale="1.00E+15" baseOffset="0">
          <Name locale="en" label="Pl" plural="petaliters">petaliter</Name>
        </UnitOfMeasure>
        <UnitOfMeasure domainID="Tl" scale="1.00E+12" baseOffset="0">
          <Name locale="en" label="Tl" plural="teraliters">teraliter</Name>
        </UnitOfMeasure>
        <UnitOfMeasure domainID="Gl" scale="1.00E+09" baseOffset="0">
          <Name locale="en" label="Gl" plural="gigaliters">gigaliter</Name>
        </UnitOfMeasure>
        <UnitOfMeasure domainID="Ml" scale="1.00E+06" baseOffset="0">
          <Name locale="en" label="Ml" plural="megaliters">megaliter</Name>
        </UnitOfMeasure>
        <UnitOfMeasure domainID="kl" scale="1.00E+03" baseOffset="0">
          <Name locale="en" label="kl" plural="kiloliters">kiloliter</Name>
        </UnitOfMeasure>
        <UnitOfMeasure domainID="hl" scale="1.00E+02" baseOffset="0">
          <Name locale="en" label="hl" plural="hectoliters">hectoliter</Name>
        </UnitOfMeasure>
        <UnitOfMeasure domainID="dal" scale="1.00E+01" baseOffset="0">
          <Name locale="en" label="dal" plural="dekaliters">dekaliter</Name>
        </UnitOfMeasure>
        <UnitOfMeasure domainID="dl" scale="1.00E-01" baseOffset="0">
          <Name locale="en" label="dl" plural="deciliters">deciliter</Name>
        </UnitOfMeasure>
        <UnitOfMeasure domainID="cl" scale="1.00E-02" baseOffset="0">
          <Name locale="en" label="cl" plural="centiliters">centiliter</Name>
        </UnitOfMeasure>
        <UnitOfMeasure domainID="ml" scale="1.00E-03" baseOffset="0">
          <Name locale="en" label="ml" plural="milliliters">milliliter</Name>
        </UnitOfMeasure>
        <UnitOfMeasure domainID="ul" scale="1.00E-06" baseOffset="0">
          <Name locale="en" label="ul" plural="microliters">microliter</Name>
        </UnitOfMeasure>
        <UnitOfMeasure domainID="nl" scale="1.00E-09" baseOffset="0">
          <Name locale="en" label="nl" plural="nanoliters">nanoliter</Name>
        </UnitOfMeasure>
        <UnitOfMeasure domainID="pl" scale="1.00E-12" baseOffset="0">
          <Name locale="en" label="pl" plural="picoliters">picoliter</Name>
        </UnitOfMeasure>
        <UnitOfMeasure domainID="fl" scale="1.00E-15" baseOffset="0">
          <Name locale="en" label="fl" plural="femtoliters">femtoliter</Name>
        </UnitOfMeasure>
        <UnitOfMeasure domainID="al" scale="1.00E-18" baseOffset="0">
          <Name locale="en" label="al" plural="attoliters">attoliter</Name>
        </UnitOfMeasure>
        <UnitOfMeasure domainID="bu" scale="35.239070166879990733280387612036" baseOffset="0">
          <Name locale="en" label="bu" plural="bushels">bushel</Name>
        </UnitOfMeasure>
        <UnitOfMeasure domainID="igal" scale="4.5460920" baseOffset="0">
          <Name locale="en" label="igal" plural="igals">i-gallon</Name>
        </UnitOfMeasure>
      </UnitTypeRepresentation>
      <CompositeUnitTypeRepresentation domainID="urDistanceCubed" scale="1000" baseOffset="0">
        <UnitTypeRef unitTypeRef="utDistance" baseUnitOfMeasureRef="m" power="3" />
      </CompositeUnitTypeRepresentation>
      <CompositeUnitTypeRepresentation domainID="urAreaDistance" scale="1027905.614" baseOffset="0">
        <UnitTypeRef unitTypeRef="utArea" baseUnitOfMeasureRef="ac" power="1" />
        <UnitTypeRef unitTypeRef="utDistance" baseUnitOfMeasureRef="in" power="1" />
      </CompositeUnitTypeRepresentation>
      <Name locale="en">volume</Name>
    </UnitType>
    <UnitType domainID="utSpeed">
      <CompositeUnitTypeRepresentation domainID="urSpeed" scale="1" baseOffset="0">
        <UnitTypeRef unitTypeRef="utDistance" baseUnitOfMeasureRef="m" />
        <UnitTypeRef unitTypeRef="utTime" baseUnitOfMeasureRef="sec" power="-1" />
      </CompositeUnitTypeRepresentation>
      <Name locale="en">speed</Name>
    </UnitType>
    <UnitType domainID="utMassPerArea">
      <CompositeUnitTypeRepresentation domainID="urMassPerArea" scale="1" baseOffset="0">
        <UnitTypeRef unitTypeRef="utMass" baseUnitOfMeasureRef="g" />
        <UnitTypeRef unitTypeRef="utArea" baseUnitOfMeasureRef="ha" power="-1" />
      </CompositeUnitTypeRepresentation>
      <Name locale="en">mass per area</Name>
    </UnitType>
    <UnitType domainID="utVolumePerArea">
      <CompositeUnitTypeRepresentation domainID="urVolumePerArea" scale="1" baseOffset="0">
        <UnitTypeRef unitTypeRef="utVolume" baseUnitOfMeasureRef="l" />
        <UnitTypeRef unitTypeRef="utArea" baseUnitOfMeasureRef="ha" power="-1" />
      </CompositeUnitTypeRepresentation>
      <Name locale="en">volume per area</Name>
    </UnitType>
    <UnitType domainID="utAngle">
      <UnitTypeRepresentation domainID="urAngle">
        <UnitOfMeasure domainID="arcdeg" scale="1" baseOffset="0">
          <Name locale="en" label="deg" plural="arc degrees">arc degree</Name>
        </UnitOfMeasure>
        <UnitOfMeasure domainID="arcmin" scale="60" baseOffset="0">
          <Name locale="en" label="arcmin" plural="arc minutes">arc minute</Name>
        </UnitOfMeasure>
        <UnitOfMeasure domainID="arcsec" scale="3600" baseOffset="0">
          <Name locale="en" label="arcsec" plural="arc seconds">arc second</Name>
        </UnitOfMeasure>
        <UnitOfMeasure domainID="rad" scale="57.295779513082320876798154814105" baseOffset="0">
          <Name locale="en" label="rad" plural="radians">radians</Name>
        </UnitOfMeasure>
        <UnitOfMeasure domainID="thDeg" scale="10000" baseOffset="0">
          <Name locale="en" label="deg*10000" plural="deg*10000">Ten thousandths of a degree</Name>
        </UnitOfMeasure>
      </UnitTypeRepresentation>
      <Name locale="en">angular vector</Name>
    </UnitType>
    <UnitType domainID="utMassPerVolume">
      <CompositeUnitTypeRepresentation domainID="urMassPerVolume" scale="1" baseOffset="0">
        <UnitTypeRef unitTypeRef="utMass" baseUnitOfMeasureRef="g" />
        <UnitTypeRef unitTypeRef="utVolume" baseUnitOfMeasureRef="l" power="-1" />
      </CompositeUnitTypeRepresentation>
      <Name locale="en">mass per volume</Name>
    </UnitType>
    <UnitType domainID="utVolumePerTime">
      <CompositeUnitTypeRepresentation domainID="urVolumePerTime" scale="1" baseOffset="0">
        <UnitTypeRef unitTypeRef="utVolume" baseUnitOfMeasureRef="l" />
        <UnitTypeRef unitTypeRef="utTime" baseUnitOfMeasureRef="hr" power="-1" />
      </CompositeUnitTypeRepresentation>
      <Name locale="en">volume per time</Name>
    </UnitType>
    <UnitType domainID="utContainer">
      <UnitTypeRepresentation domainID="urContainer">
        <UnitOfMeasure domainID="container" scale="1" baseOffset="0">
          <Name locale="en" label="container" plural="containers">container</Name>
        </UnitOfMeasure>
      </UnitTypeRepresentation>
      <Name locale="en">container</Name>
    </UnitType>
    <UnitType domainID="utBag">
      <UnitTypeRepresentation domainID="urBag">
        <UnitOfMeasure domainID="bag" scale="1" baseOffset="0">
          <Name locale="en" label="bag" plural="bags">bag</Name>
        </UnitOfMeasure>
      </UnitTypeRepresentation>
      <Name locale="en">bag</Name>
    </UnitType>
    <UnitType domainID="utBarrel">
      <UnitTypeRepresentation domainID="urBarrel">
        <UnitOfMeasure domainID="barrel" scale="1" baseOffset="0">
          <Name locale="en" label="barrel" plural="barrels">barrel</Name>
        </UnitOfMeasure>
      </UnitTypeRepresentation>
      <Name locale="en">barrel</Name>
    </UnitType>
    <UnitType domainID="utSack">
      <UnitTypeRepresentation domainID="urSack">
        <UnitOfMeasure domainID="sack" scale="1" baseOffset="0">
          <Name locale="en" label="sack" plural="sacks">sack</Name>
        </UnitOfMeasure>
      </UnitTypeRepresentation>
      <Name locale="en">sack</Name>
    </UnitType>
    <UnitType domainID="utContainerPerArea">
      <CompositeUnitTypeRepresentation domainID="urContainerPerArea" scale="1" baseOffset="0">
        <UnitTypeRef unitTypeRef="utContainer" baseUnitOfMeasureRef="container" />
        <UnitTypeRef unitTypeRef="utArea" baseUnitOfMeasureRef="ha" power="-1" />
      </CompositeUnitTypeRepresentation>
      <Name locale="en">container per area</Name>
    </UnitType>
    <UnitType domainID="utBagPerArea">
      <CompositeUnitTypeRepresentation domainID="urBagPerArea" scale="1" baseOffset="0">
        <UnitTypeRef unitTypeRef="utBag" baseUnitOfMeasureRef="bag" />
        <UnitTypeRef unitTypeRef="utArea" baseUnitOfMeasureRef="ha" power="-1" />
      </CompositeUnitTypeRepresentation>
      <Name locale="en">bag per area</Name>
    </UnitType>
    <UnitType domainID="utBarrelPerArea">
      <CompositeUnitTypeRepresentation domainID="urBarrelPerArea" scale="1" baseOffset="0">
        <UnitTypeRef unitTypeRef="utBarrel" baseUnitOfMeasureRef="barrel" />
        <UnitTypeRef unitTypeRef="utArea" baseUnitOfMeasureRef="ha" power="-1" />
      </CompositeUnitTypeRepresentation>
      <Name locale="en">barrel per area</Name>
    </UnitType>
    <UnitType domainID="utSackPerArea">
      <CompositeUnitTypeRepresentation domainID="urSackPerArea" scale="1" baseOffset="0">
        <UnitTypeRef unitTypeRef="utSack" baseUnitOfMeasureRef="sack" />
        <UnitTypeRef unitTypeRef="utArea" baseUnitOfMeasureRef="ha" power="-1" />
      </CompositeUnitTypeRepresentation>
      <Name locale="en">sack per area</Name>
    </UnitType>
    <UnitType domainID="utBale">
      <UnitTypeRepresentation domainID="urBale">
        <UnitOfMeasure domainID="bale" scale="1" baseOffset="0">
          <Name locale="en" label="bales" plural="bales">bale</Name>
        </UnitOfMeasure>
      </UnitTypeRepresentation>
      <Name locale="en">bale</Name>
    </UnitType>
    <UnitType domainID="utBalesPerArea">
      <CompositeUnitTypeRepresentation domainID="urBalesPerArea" scale="1" baseOffset="0">
        <UnitTypeRef unitTypeRef="utBale" baseUnitOfMeasureRef="bale" />
        <UnitTypeRef unitTypeRef="utArea" baseUnitOfMeasureRef="ha" power="-1" />
      </CompositeUnitTypeRepresentation>
      <Name locale="en">bales per area</Name>
    </UnitType>
    <UnitType domainID="utBalesPerMass">
      <CompositeUnitTypeRepresentation domainID="urBalesPerMass" scale="1" baseOffset="0">
        <UnitTypeRef unitTypeRef="utBale" baseUnitOfMeasureRef="bale" />
        <UnitTypeRef unitTypeRef="utMass" baseUnitOfMeasureRef="g" power="-1" />
      </CompositeUnitTypeRepresentation>
      <Name locale="en">bales per mass</Name>
    </UnitType>
    <UnitType domainID="utBalesPerTime">
      <CompositeUnitTypeRepresentation domainID="urBalesPerTime" scale="1" baseOffset="0">
        <UnitTypeRef unitTypeRef="utBale" baseUnitOfMeasureRef="bale" />
        <UnitTypeRef unitTypeRef="utTime" baseUnitOfMeasureRef="hr" power="-1" />
      </CompositeUnitTypeRepresentation>
      <Name locale="en">bales per time</Name>
    </UnitType>
    <UnitType domainID="utMassPerBale">
      <CompositeUnitTypeRepresentation domainID="urMassPerBale" scale="1" baseOffset="0">
        <UnitTypeRef unitTypeRef="utMass" baseUnitOfMeasureRef="lb" />
        <UnitTypeRef unitTypeRef="utBale" baseUnitOfMeasureRef="bale" power="-1" />
      </CompositeUnitTypeRepresentation>
      <Name locale="en">mass per bale</Name>
    </UnitType>
    <UnitType domainID="utBalesPerVolume">
      <CompositeUnitTypeRepresentation domainID="urBalesPerVolume" scale="1" baseOffset="0">
        <UnitTypeRef unitTypeRef="utBale" baseUnitOfMeasureRef="bale" />
        <UnitTypeRef unitTypeRef="utVolume" baseUnitOfMeasureRef="l" power="-1" />
      </CompositeUnitTypeRepresentation>
      <Name locale="en">bales per volume</Name>
    </UnitType>
    <UnitType domainID="utCurrency">
      <UnitTypeRepresentation domainID="urCurrency">
        <UnitOfMeasure domainID="cur" scale="1" baseOffset="0">
          <Name locale="en" label="currency" plural="currency">currency</Name>
        </UnitOfMeasure>
      </UnitTypeRepresentation>
      <Name locale="en">currency</Name>
    </UnitType>
    <UnitType domainID="utCurrencyPerContainer">
      <CompositeUnitTypeRepresentation domainID="urCurrencyPerContainer" scale="1" baseOffset="0">
        <UnitTypeRef unitTypeRef="utCurrency" baseUnitOfMeasureRef="cur" />
        <UnitTypeRef unitTypeRef="utContainer" baseUnitOfMeasureRef="container" power="-1" />
      </CompositeUnitTypeRepresentation>
      <Name locale="en">currency per container</Name>
    </UnitType>
    <UnitType domainID="utCurrencyPerBag">
      <CompositeUnitTypeRepresentation domainID="urCurrencyPerBag" scale="1" baseOffset="0">
        <UnitTypeRef unitTypeRef="utCurrency" baseUnitOfMeasureRef="cur" />
        <UnitTypeRef unitTypeRef="utBag" baseUnitOfMeasureRef="bag" power="-1" />
      </CompositeUnitTypeRepresentation>
      <Name locale="en">currency per bag</Name>
    </UnitType>
    <UnitType domainID="utMassPerContainer">
      <CompositeUnitTypeRepresentation domainID="urMassPerContainer" scale="1" baseOffset="0">
        <UnitTypeRef unitTypeRef="utMass" baseUnitOfMeasureRef="lb" />
        <UnitTypeRef unitTypeRef="utContainer" baseUnitOfMeasureRef="bag" power="-1" />
      </CompositeUnitTypeRepresentation>
      <Name locale="en">mass per container</Name>
    </UnitType>
    <UnitType domainID="utMassPerBag">
      <CompositeUnitTypeRepresentation domainID="urMassPerBag" scale="1" baseOffset="0">
        <UnitTypeRef unitTypeRef="utMass" baseUnitOfMeasureRef="lb" />
        <UnitTypeRef unitTypeRef="utBag" baseUnitOfMeasureRef="bag" power="-1" />
      </CompositeUnitTypeRepresentation>
      <Name locale="en">mass per bag</Name>
    </UnitType>
    <UnitType domainID="utMassPerBarrel">
      <CompositeUnitTypeRepresentation domainID="urMassPerBarrel" scale="1" baseOffset="0">
        <UnitTypeRef unitTypeRef="utMass" baseUnitOfMeasureRef="lb" />
        <UnitTypeRef unitTypeRef="utBarrel" baseUnitOfMeasureRef="barrel" power="-1" />
      </CompositeUnitTypeRepresentation>
      <Name locale="en">mass per barrel</Name>
    </UnitType>
    <UnitType domainID="utMassPerSack">
      <CompositeUnitTypeRepresentation domainID="urMassPerSack" scale="1" baseOffset="0">
        <UnitTypeRef unitTypeRef="utMass" baseUnitOfMeasureRef="lb" />
        <UnitTypeRef unitTypeRef="utSack" baseUnitOfMeasureRef="sack" power="-1" />
      </CompositeUnitTypeRepresentation>
      <Name locale="en">mass per sack</Name>
    </UnitType>
    <UnitType domainID="utCurrencyPerBale">
      <CompositeUnitTypeRepresentation domainID="urCurrencyPerBale" scale="1" baseOffset="0">
        <UnitTypeRef unitTypeRef="utCurrency" baseUnitOfMeasureRef="cur" />
        <UnitTypeRef unitTypeRef="utBale" baseUnitOfMeasureRef="bale" power="-1" />
      </CompositeUnitTypeRepresentation>
      <Name locale="en">currency per bale</Name>
    </UnitType>
    <UnitType domainID="utCurrencyPerArea">
      <CompositeUnitTypeRepresentation domainID="urCurrencyPerArea" scale="1" baseOffset="0">
        <UnitTypeRef unitTypeRef="utCurrency" baseUnitOfMeasureRef="cur" />
        <UnitTypeRef unitTypeRef="utArea" baseUnitOfMeasureRef="ac" power="-1" />
      </CompositeUnitTypeRepresentation>
      <Name locale="en">currency per area</Name>
    </UnitType>
    <UnitType domainID="utCurrencyPerVolume">
      <CompositeUnitTypeRepresentation domainID="urCurrencyPerVolume" scale="1" baseOffset="0">
        <UnitTypeRef unitTypeRef="utCurrency" baseUnitOfMeasureRef="cur" />
        <UnitTypeRef unitTypeRef="utVolume" baseUnitOfMeasureRef="bu" power="-1" />
      </CompositeUnitTypeRepresentation>
      <Name locale="en">currency per volume</Name>
    </UnitType>
    <UnitType domainID="utCurrencyPerTime">
      <CompositeUnitTypeRepresentation domainID="urCurrencyPerTime" scale="1" baseOffset="0">
        <UnitTypeRef unitTypeRef="utCurrency" baseUnitOfMeasureRef="cur" />
        <UnitTypeRef unitTypeRef="utTime" baseUnitOfMeasureRef="hr" power="-1" />
      </CompositeUnitTypeRepresentation>
      <Name locale="en">currency per time</Name>
    </UnitType>
    <UnitType domainID="utSeeds">
      <UnitTypeRepresentation domainID="urSeeds">
        <UnitOfMeasure domainID="seeds" scale="1" baseOffset="0">
          <Name locale="en" label="seeds" plural="seeds">seed</Name>
        </UnitOfMeasure>
        <UnitOfMeasure domainID="thndSeeds" scale="1" baseOffset="0">
          <Name locale="en" label="1000Seeds" plural="1000Seeds">thousandSeed</Name>
        </UnitOfMeasure>
      </UnitTypeRepresentation>
      <Name locale="en">seeds</Name>
    </UnitType>
    <UnitType domainID="utDataPoints">
      <UnitTypeRepresentation domainID="urDataPoints">
        <UnitOfMeasure domainID="points" scale="1" baseOffset="0">
          <Name locale="en" label="points" plural="points">point</Name>
        </UnitOfMeasure>
      </UnitTypeRepresentation>
      <Name locale="en">points</Name>
    </UnitType>
    <UnitType domainID="utSeedsPerArea">
      <CompositeUnitTypeRepresentation domainID="urSeedsPerArea" scale="1" baseOffset="0">
        <UnitTypeRef unitTypeRef="utSeeds" baseUnitOfMeasureRef="seeds" />
        <UnitTypeRef unitTypeRef="utArea" baseUnitOfMeasureRef="ha" power="-1" />
      </CompositeUnitTypeRepresentation>
      <Name locale="en">seeds per area</Name>
    </UnitType>
    <UnitType domainID="utSeedsPerMass">
      <CompositeUnitTypeRepresentation domainID="urSeedsPerMass" scale="1" baseOffset="0">
        <UnitTypeRef unitTypeRef="utSeeds" baseUnitOfMeasureRef="seeds" />
        <UnitTypeRef unitTypeRef="utMass" baseUnitOfMeasureRef="g" power="-1" />
      </CompositeUnitTypeRepresentation>
      <Name locale="en">seeds per mass</Name>
    </UnitType>
    <UnitType domainID="utSeedsPerTime">
      <CompositeUnitTypeRepresentation domainID="urSeedsPerTime" scale="1" baseOffset="0">
        <UnitTypeRef unitTypeRef="utSeeds" baseUnitOfMeasureRef="seeds" />
        <UnitTypeRef unitTypeRef="utTime" baseUnitOfMeasureRef="sec" power="-1" />
      </CompositeUnitTypeRepresentation>
      <Name locale="en">seeds per time</Name>
    </UnitType>
    <UnitType domainID="utSeedsPerVolume">
      <CompositeUnitTypeRepresentation domainID="urSeedsPerVolume" scale="1" baseOffset="0">
        <UnitTypeRef unitTypeRef="utSeeds" baseUnitOfMeasureRef="seeds" />
        <UnitTypeRef unitTypeRef="utVolume" baseUnitOfMeasureRef="l" power="-1" />
      </CompositeUnitTypeRepresentation>
      <Name locale="en">seeds per volume</Name>
    </UnitType>
    <UnitType domainID="utSeedsPerContainer">
      <CompositeUnitTypeRepresentation domainID="urSeedsPerContainer" scale="1" baseOffset="0">
        <UnitTypeRef unitTypeRef="utSeeds" baseUnitOfMeasureRef="seeds" />
        <UnitTypeRef unitTypeRef="utContainer" baseUnitOfMeasureRef="container" power="-1" />
      </CompositeUnitTypeRepresentation>
      <Name locale="en">seeds per container</Name>
    </UnitType>
    <UnitType domainID="utSeedsPerBag">
      <CompositeUnitTypeRepresentation domainID="urSeedsPerBag" scale="1" baseOffset="0">
        <UnitTypeRef unitTypeRef="utSeeds" baseUnitOfMeasureRef="seeds" />
        <UnitTypeRef unitTypeRef="utBag" baseUnitOfMeasureRef="bag" power="-1" />
      </CompositeUnitTypeRepresentation>
      <Name locale="en">seeds per bag</Name>
    </UnitType>
    <UnitType domainID="utSeedsPerBarrel">
      <CompositeUnitTypeRepresentation domainID="urSeedsPerBarrel" scale="1" baseOffset="0">
        <UnitTypeRef unitTypeRef="utSeeds" baseUnitOfMeasureRef="seeds" />
        <UnitTypeRef unitTypeRef="utBarrel" baseUnitOfMeasureRef="barrel" power="-1" />
      </CompositeUnitTypeRepresentation>
      <Name locale="en">seeds per barrel</Name>
    </UnitType>
    <UnitType domainID="utSeedsPerSack">
      <CompositeUnitTypeRepresentation domainID="urSeedsPerSack" scale="1" baseOffset="0">
        <UnitTypeRef unitTypeRef="utSeeds" baseUnitOfMeasureRef="seeds" />
        <UnitTypeRef unitTypeRef="utSack" baseUnitOfMeasureRef="sack" power="-1" />
      </CompositeUnitTypeRepresentation>
      <Name locale="en">seeds per sack</Name>
    </UnitType>
    <UnitType domainID="utMassPerSeeds">
      <CompositeUnitTypeRepresentation domainID="urMassPerSeeds" scale="1" baseOffset="0">
        <UnitTypeRef unitTypeRef="utMass" baseUnitOfMeasureRef="lb" />
        <UnitTypeRef unitTypeRef="utSeeds" baseUnitOfMeasureRef="thndSeeds" power="-1" />
      </CompositeUnitTypeRepresentation>
      <Name locale="en">mass per seeds</Name>
    </UnitType>
    <UnitType domainID="utDataPointsPerTime">
      <CompositeUnitTypeRepresentation domainID="urDataPointsPerTime" scale="1" baseOffset="0">
        <UnitTypeRef unitTypeRef="utDataPoints" baseUnitOfMeasureRef="points" power="1" />
        <UnitTypeRef unitTypeRef="utTime" baseUnitOfMeasureRef="sec" power="-1" />
      </CompositeUnitTypeRepresentation>
      <Name locale="en">data points per time</Name>
    </UnitType>
    <UnitType domainID="utRows">
      <UnitTypeRepresentation domainID="urRows">
        <UnitOfMeasure domainID="row" scale="1" baseOffset="0">
          <Name locale="en" label="rows" plural="rows">row</Name>
        </UnitOfMeasure>
      </UnitTypeRepresentation>
      <Name locale="en" description="Measure of rows for row crops.">rows</Name>
    </UnitType>
    <UnitType domainID="utAreaPerTime">
      <CompositeUnitTypeRepresentation domainID="urAreaPerTime" scale="1" baseOffset="0">
        <UnitTypeRef unitTypeRef="utArea" baseUnitOfMeasureRef="ha" />
        <UnitTypeRef unitTypeRef="utTime" baseUnitOfMeasureRef="sec" power="-1" />
      </CompositeUnitTypeRepresentation>
      <Name locale="en">area per time</Name>
    </UnitType>
    <UnitType domainID="utMassPerTime">
      <CompositeUnitTypeRepresentation domainID="urMassPerTime" scale="1" baseOffset="0">
        <UnitTypeRef unitTypeRef="utMass" baseUnitOfMeasureRef="g" />
        <UnitTypeRef unitTypeRef="utTime" baseUnitOfMeasureRef="sec" power="-1" />
      </CompositeUnitTypeRepresentation>
      <Name locale="en">mass per time</Name>
    </UnitType>
    <UnitType domainID="utVolumePerMass">
      <CompositeUnitTypeRepresentation domainID="urVolumePerMass" scale="1" baseOffset="0">
        <UnitTypeRef unitTypeRef="utVolume" baseUnitOfMeasureRef="l" />
        <UnitTypeRef unitTypeRef="utMass" baseUnitOfMeasureRef="g" power="-1" />
      </CompositeUnitTypeRepresentation>
      <Name locale="en">volume per mass</Name>
    </UnitType>
    <UnitType domainID="utPressure">
      <UnitTypeRepresentation domainID="urPressure">
        <UnitOfMeasure scale="1" baseOffset="0" domainID="Pa">
          <Name label="Pa" locale="en" plural="Pa">Pascal</Name>
        </UnitOfMeasure>
        <UnitOfMeasure domainID="kPa" scale="1000" baseOffset="0">
          <Name label="kPa" locale="en" plural="kPa">kiloPascal</Name>
        </UnitOfMeasure>
        <UnitOfMeasure domainID="PSI" scale="6894.7572930" baseOffset="0">
          <Name label="PSI" locale="en" plural="PSI">PSI</Name>
        </UnitOfMeasure>
        <UnitOfMeasure domainID="bar" scale="1.00E+05" baseOffset="0">
          <Name label="bar" locale="en" plural="bar">bar</Name>
        </UnitOfMeasure>
      </UnitTypeRepresentation>
      <Name locale="en">pressure</Name>
    </UnitType>
    <UnitType domainID="utForce">
      <UnitTypeRepresentation domainID="urForce">
        <UnitOfMeasure scale="1" baseOffset="0" domainID="N">
          <Name label="N" locale="en" plural="N">Newton</Name>
        </UnitOfMeasure>
        <UnitOfMeasure scale="1.00E-03" baseOffset="0" domainID="mN">
          <Name label="mN" locale="en" plural="mN">milliNewton</Name>
        </UnitOfMeasure>
        <UnitOfMeasure scale="4.448222" baseOffset="0" domainID="lbf">
          <Name label="lbf" locale="en" plural="pounds of force">pounds of force</Name>
        </UnitOfMeasure>
      </UnitTypeRepresentation>
      <Name locale="en">force</Name>
    </UnitType>
    <UnitType domainID="utAngularVelocity">
      <UnitTypeRepresentation domainID="urAngularVelocity">
        <UnitOfMeasure scale="1" baseOffset="0" domainID="RPM">
          <Name label="RPM" locale="en" plural="RPM">Rotations per Minute</Name>
        </UnitOfMeasure>
        <UnitOfMeasure scale="1.00E-2" baseOffset="0" domainID="hndrthRPM">
          <Name label="RPM*100" locale="en" plural="RPM*100">Hundreths of Rotations per Minute</Name>
        </UnitOfMeasure>
      </UnitTypeRepresentation>
      <Name locale="en">angular velocity</Name>
    </UnitType>
    <UnitType domainID="utDistancePerPercent">
      <CompositeUnitTypeRepresentation domainID="urDistancePerPercent" scale="1" baseOffset="0">
        <UnitTypeRef unitTypeRef="utDistance" baseUnitOfMeasureRef="cm" />
        <UnitTypeRef unitTypeRef="utPercent" baseUnitOfMeasureRef="prcnt" power="-1" />
      </CompositeUnitTypeRepresentation>
      <Name locale="en">distance per percent</Name>
    </UnitType>
    <UnitType domainID="utDistancePerDegree">
      <CompositeUnitTypeRepresentation domainID="urDistancePerDegree" scale="1" baseOffset="0">
        <UnitTypeRef unitTypeRef="utDistance" baseUnitOfMeasureRef="cm" />
        <UnitTypeRef unitTypeRef="utAngle" baseUnitOfMeasureRef="arcdeg" power="-1" />
      </CompositeUnitTypeRepresentation>
      <Name locale="en">distance per degree</Name>
    </UnitType>
    <UnitType domainID="utFrequency">
      <UnitTypeRepresentation domainID="urFrequency">
        <UnitOfMeasure domainID="hz" scale="1" baseOffset="0">
          <Name locale="en" label="Hz" plural="hertz">hertz</Name>
        </UnitOfMeasure>
      </UnitTypeRepresentation>
      <Name locale="en">frequency</Name>
    </UnitType>
    <UnitType domainID="utCount">
      <UnitTypeRepresentation domainID="urCount">
        <UnitOfMeasure domainID="count" scale="1" baseOffset="0">
          <Name locale="en" label="count" plural="counts">count</Name>
        </UnitOfMeasure>
      </UnitTypeRepresentation>
      <Name locale="en">count</Name>
    </UnitType>
    <UnitType domainID="utMassPerMass">
      <CompositeUnitTypeRepresentation scale="1" baseOffset="0" domainID="urMassPerMass">
        <UnitTypeRef unitTypeRef="utMass" baseUnitOfMeasureRef="g" />
        <UnitTypeRef unitTypeRef="utMass" baseUnitOfMeasureRef="kg" power="-1" />
      </CompositeUnitTypeRepresentation>
      <Name locale="en">mass per mass</Name>
    </UnitType>
    <UnitType domainID="utVolumePerVolume">
      <CompositeUnitTypeRepresentation scale="1" baseOffset="0" domainID="urVolumePerVolume">
        <UnitTypeRef unitTypeRef="utVolume" baseUnitOfMeasureRef="ml" />
        <UnitTypeRef unitTypeRef="utVolume" baseUnitOfMeasureRef="l" power="-1" />
      </CompositeUnitTypeRepresentation>
      <Name locale="en">volume per volume</Name>
    </UnitType>
    <UnitType domainID="utVoltage">
      <UnitTypeRepresentation domainID="urVoltage">
        <UnitOfMeasure domainID="V" scale="1" baseOffset="0">
          <Name label="V" locale="en" plural="V">Volt</Name>
        </UnitOfMeasure>
      </UnitTypeRepresentation>
      <Name locale="en">voltage</Name>
    </UnitType>
  </UnitTypes>
  <UnitOfMeasureSystems>
    <UnitOfMeasureSystem domainID="umsEnglish">
      <Name locale="en" label="us">English</Name>
      <UnitOfMeasureRef unitOfMeasureRef="ac" />
      <UnitOfMeasureRef unitOfMeasureRef="ft" />
      <UnitOfMeasureRef unitOfMeasureRef="thsndSqFt" />
      <UnitOfMeasureRef unitOfMeasureRef="in" />
      <UnitOfMeasureRef unitOfMeasureRef="ozm" />
      <UnitOfMeasureRef unitOfMeasureRef="lb" />
      <UnitOfMeasureRef unitOfMeasureRef="cwt" />
      <UnitOfMeasureRef unitOfMeasureRef="ton" />
      <UnitOfMeasureRef unitOfMeasureRef="min" />
      <UnitOfMeasureRef unitOfMeasureRef="sec" />
      <UnitOfMeasureRef unitOfMeasureRef="bu" />
      <UnitOfMeasureRef unitOfMeasureRef="F" />
      <UnitOfMeasureRef unitOfMeasureRef="prcnt" />
      <UnitOfMeasureRef unitOfMeasureRef="mi" />
      <UnitOfMeasureRef unitOfMeasureRef="Nmi" />
      <UnitOfMeasureRef unitOfMeasureRef="yd" />
      <UnitOfMeasureRef unitOfMeasureRef="day" />
      <UnitOfMeasureRef unitOfMeasureRef="wk" />
      <UnitOfMeasureRef unitOfMeasureRef="sg" />
      <UnitOfMeasureRef unitOfMeasureRef="floz" />
      <UnitOfMeasureRef unitOfMeasureRef="troyoz" />
      <UnitOfMeasureRef unitOfMeasureRef="gal" />
      <UnitOfMeasureRef unitOfMeasureRef="thsndgal" />
      <UnitOfMeasureRef unitOfMeasureRef="qt" />
      <UnitOfMeasureRef unitOfMeasureRef="pt" />
      <UnitOfMeasureRef unitOfMeasureRef="uk_pt" />
      <UnitOfMeasureRef unitOfMeasureRef="rad" />
      <UnitOfMeasureRef unitOfMeasureRef="hr" />
      <UnitOfMeasureRef unitOfMeasureRef="arcdeg" />
      <UnitOfMeasureRef unitOfMeasureRef="arcmin" />
      <UnitOfMeasureRef unitOfMeasureRef="arcsec" />
      <UnitOfMeasureRef unitOfMeasureRef="container" />
      <UnitOfMeasureRef unitOfMeasureRef="bag" />
      <UnitOfMeasureRef unitOfMeasureRef="sack" />
      <UnitOfMeasureRef unitOfMeasureRef="seeds" />
      <UnitOfMeasureRef unitOfMeasureRef="thndSeeds" />
      <UnitOfMeasureRef unitOfMeasureRef="bale" />
      <UnitOfMeasureRef unitOfMeasureRef="cur" />
      <UnitOfMeasureRef unitOfMeasureRef="points" />
      <UnitOfMeasureRef unitOfMeasureRef="stone" />
      <UnitOfMeasureRef unitOfMeasureRef="row" />
      <UnitOfMeasureRef unitOfMeasureRef="ratio" />
      <UnitOfMeasureRef unitOfMeasureRef="hz" />
      <UnitOfMeasureRef unitOfMeasureRef="barrel" />
      <UnitOfMeasureRef unitOfMeasureRef="count" />
      <UnitOfMeasureRef unitOfMeasureRef="V" />
      <UnitOfMeasureRef unitOfMeasureRef="PSI" />
      <UnitOfMeasureRef unitOfMeasureRef="RPM" />
      <UnitOfMeasureRef unitOfMeasureRef="lbf" />
    </UnitOfMeasureSystem>
    <UnitOfMeasureSystem domainID="umsMetric">
      <Name locale="en" label="metric">Metric</Name>
      <UnitOfMeasureRef unitOfMeasureRef="thndSeeds" />
      <UnitOfMeasureRef unitOfMeasureRef="seeds" />
      <UnitOfMeasureRef unitOfMeasureRef="C" />
      <UnitOfMeasureRef unitOfMeasureRef="g" />
      <UnitOfMeasureRef unitOfMeasureRef="ha" />
      <UnitOfMeasureRef unitOfMeasureRef="K" />
      <UnitOfMeasureRef unitOfMeasureRef="l" />
      <UnitOfMeasureRef unitOfMeasureRef="m" />
      <UnitOfMeasureRef unitOfMeasureRef="day" />
      <UnitOfMeasureRef unitOfMeasureRef="wk" />
      <UnitOfMeasureRef unitOfMeasureRef="min" />
      <UnitOfMeasureRef unitOfMeasureRef="sec" />
      <UnitOfMeasureRef unitOfMeasureRef="prcnt" />
      <UnitOfMeasureRef unitOfMeasureRef="Em" />
      <UnitOfMeasureRef unitOfMeasureRef="Pm" />
      <UnitOfMeasureRef unitOfMeasureRef="Tm" />
      <UnitOfMeasureRef unitOfMeasureRef="Gm" />
      <UnitOfMeasureRef unitOfMeasureRef="Mm" />
      <UnitOfMeasureRef unitOfMeasureRef="km" />
      <UnitOfMeasureRef unitOfMeasureRef="hm" />
      <UnitOfMeasureRef unitOfMeasureRef="dam" />
      <UnitOfMeasureRef unitOfMeasureRef="dm" />
      <UnitOfMeasureRef unitOfMeasureRef="cm" />
      <UnitOfMeasureRef unitOfMeasureRef="mm" />
      <UnitOfMeasureRef unitOfMeasureRef="um" />
      <UnitOfMeasureRef unitOfMeasureRef="nm" />
      <UnitOfMeasureRef unitOfMeasureRef="pm" />
      <UnitOfMeasureRef unitOfMeasureRef="fm" />
      <UnitOfMeasureRef unitOfMeasureRef="am" />
      <UnitOfMeasureRef unitOfMeasureRef="t" />
      <UnitOfMeasureRef unitOfMeasureRef="Eg" />
      <UnitOfMeasureRef unitOfMeasureRef="Pg" />
      <UnitOfMeasureRef unitOfMeasureRef="Tg" />
      <UnitOfMeasureRef unitOfMeasureRef="Gg" />
      <UnitOfMeasureRef unitOfMeasureRef="Mg" />
      <UnitOfMeasureRef unitOfMeasureRef="kg" />
      <UnitOfMeasureRef unitOfMeasureRef="hg" />
      <UnitOfMeasureRef unitOfMeasureRef="dag" />
      <UnitOfMeasureRef unitOfMeasureRef="dg" />
      <UnitOfMeasureRef unitOfMeasureRef="cg" />
      <UnitOfMeasureRef unitOfMeasureRef="mg" />
      <UnitOfMeasureRef unitOfMeasureRef="ug" />
      <UnitOfMeasureRef unitOfMeasureRef="ng" />
      <UnitOfMeasureRef unitOfMeasureRef="pg" />
      <UnitOfMeasureRef unitOfMeasureRef="fg" />
      <UnitOfMeasureRef unitOfMeasureRef="ag" />
      <UnitOfMeasureRef unitOfMeasureRef="El" />
      <UnitOfMeasureRef unitOfMeasureRef="Pl" />
      <UnitOfMeasureRef unitOfMeasureRef="Tl" />
      <UnitOfMeasureRef unitOfMeasureRef="Gl" />
      <UnitOfMeasureRef unitOfMeasureRef="Ml" />
      <UnitOfMeasureRef unitOfMeasureRef="kl" />
      <UnitOfMeasureRef unitOfMeasureRef="hl" />
      <UnitOfMeasureRef unitOfMeasureRef="dal" />
      <UnitOfMeasureRef unitOfMeasureRef="dl" />
      <UnitOfMeasureRef unitOfMeasureRef="cl" />
      <UnitOfMeasureRef unitOfMeasureRef="ml" />
      <UnitOfMeasureRef unitOfMeasureRef="ul" />
      <UnitOfMeasureRef unitOfMeasureRef="nl" />
      <UnitOfMeasureRef unitOfMeasureRef="pl" />
      <UnitOfMeasureRef unitOfMeasureRef="fl" />
      <UnitOfMeasureRef unitOfMeasureRef="al" />
      <UnitOfMeasureRef unitOfMeasureRef="rad" />
      <UnitOfMeasureRef unitOfMeasureRef="hr" />
      <UnitOfMeasureRef unitOfMeasureRef="arcdeg" />
      <UnitOfMeasureRef unitOfMeasureRef="arcmin" />
      <UnitOfMeasureRef unitOfMeasureRef="arcsec" />
      <UnitOfMeasureRef unitOfMeasureRef="container" />
      <UnitOfMeasureRef unitOfMeasureRef="cur" />
      <UnitOfMeasureRef unitOfMeasureRef="points" />
      <UnitOfMeasureRef unitOfMeasureRef="bale" />
      <UnitOfMeasureRef unitOfMeasureRef="bag" />
      <UnitOfMeasureRef unitOfMeasureRef="sack" />
      <UnitOfMeasureRef unitOfMeasureRef="row" />
      <UnitOfMeasureRef unitOfMeasureRef="ratio" />
      <UnitOfMeasureRef unitOfMeasureRef="bu" />
      <UnitOfMeasureRef unitOfMeasureRef="hz" />
      <UnitOfMeasureRef unitOfMeasureRef="barrel" />
      <UnitOfMeasureRef unitOfMeasureRef="count" />
      <UnitOfMeasureRef unitOfMeasureRef="V" />
      <UnitOfMeasureRef unitOfMeasureRef="Pa" />
      <UnitOfMeasureRef unitOfMeasureRef="kPa" />
      <UnitOfMeasureRef unitOfMeasureRef="bar" />
      <UnitOfMeasureRef unitOfMeasureRef="RPM" />
      <UnitOfMeasureRef unitOfMeasureRef="N" />
    </UnitOfMeasureSystem>
    <UnitOfMeasureSystem domainID="umsImperial">
      <Name locale="en" label="us">Imperial</Name>
      <UnitOfMeasureRef unitOfMeasureRef="ac" />
      <UnitOfMeasureRef unitOfMeasureRef="ft" />
      <UnitOfMeasureRef unitOfMeasureRef="thsndSqFt" />
      <UnitOfMeasureRef unitOfMeasureRef="in" />
      <UnitOfMeasureRef unitOfMeasureRef="ozm" />
      <UnitOfMeasureRef unitOfMeasureRef="lb" />
      <UnitOfMeasureRef unitOfMeasureRef="cwt" />
      <UnitOfMeasureRef unitOfMeasureRef="ton" />
      <UnitOfMeasureRef unitOfMeasureRef="min" />
      <UnitOfMeasureRef unitOfMeasureRef="sec" />
      <UnitOfMeasureRef unitOfMeasureRef="bu" />
      <UnitOfMeasureRef unitOfMeasureRef="F" />
      <UnitOfMeasureRef unitOfMeasureRef="prcnt" />
      <UnitOfMeasureRef unitOfMeasureRef="mi" />
      <UnitOfMeasureRef unitOfMeasureRef="Nmi" />
      <UnitOfMeasureRef unitOfMeasureRef="yd" />
      <UnitOfMeasureRef unitOfMeasureRef="day" />
      <UnitOfMeasureRef unitOfMeasureRef="wk" />
      <UnitOfMeasureRef unitOfMeasureRef="sg" />
      <UnitOfMeasureRef unitOfMeasureRef="floz" />
      <UnitOfMeasureRef unitOfMeasureRef="troyoz" />
      <UnitOfMeasureRef unitOfMeasureRef="igal" />
      <UnitOfMeasureRef unitOfMeasureRef="qt" />
      <UnitOfMeasureRef unitOfMeasureRef="pt" />
      <UnitOfMeasureRef unitOfMeasureRef="uk_pt" />
      <UnitOfMeasureRef unitOfMeasureRef="rad" />
      <UnitOfMeasureRef unitOfMeasureRef="hr" />
      <UnitOfMeasureRef unitOfMeasureRef="arcdeg" />
      <UnitOfMeasureRef unitOfMeasureRef="arcmin" />
      <UnitOfMeasureRef unitOfMeasureRef="arcsec" />
      <UnitOfMeasureRef unitOfMeasureRef="container" />
      <UnitOfMeasureRef unitOfMeasureRef="bag" />
      <UnitOfMeasureRef unitOfMeasureRef="sack" />
      <UnitOfMeasureRef unitOfMeasureRef="seeds" />
      <UnitOfMeasureRef unitOfMeasureRef="thndSeeds" />
      <UnitOfMeasureRef unitOfMeasureRef="bale" />
      <UnitOfMeasureRef unitOfMeasureRef="cur" />
      <UnitOfMeasureRef unitOfMeasureRef="points" />
      <UnitOfMeasureRef unitOfMeasureRef="stone" />
      <UnitOfMeasureRef unitOfMeasureRef="row" />
      <UnitOfMeasureRef unitOfMeasureRef="ratio" />
      <UnitOfMeasureRef unitOfMeasureRef="hz" />
      <UnitOfMeasureRef unitOfMeasureRef="barrel" />
      <UnitOfMeasureRef unitOfMeasureRef="count" />
      <UnitOfMeasureRef unitOfMeasureRef="V" />
      <UnitOfMeasureRef unitOfMeasureRef="PSI" />
      <UnitOfMeasureRef unitOfMeasureRef="RPM" />
      <UnitOfMeasureRef unitOfMeasureRef="lbf" />
    </UnitOfMeasureSystem>
    <UnitOfMeasureSystem domainID="umsMixed">
      <Name locale="en" label="mixed">Mixed</Name>
    </UnitOfMeasureSystem>
  </UnitOfMeasureSystems>
</UnitSystem>