﻿<?xml version="1.0" encoding="utf-8"?><UnitSystemTranslation xmlns="urn:schemas-johndeere-com:UnitSystemTranslation" xmlns:bt="urn:schemas-johndeere-com:BasicTypes" xmlns:unit="urn:schemas-johndeere-com:UnitSystem" xmlns:xsi="http://www.w3.org/2001/XMLSchema-instance" xsi:schemaLocation="urn:schemas-johndeere-com:UnitSystemTranslation UnitSystemTranslation.xsd" locale="en">
<SchemaVersion major="1" minor="0" />
<ContentVersion major="1" minor="0" />
<UnitTypeTranslation domainID="utDistance">
<Name>distance</Name>
</UnitTypeTranslation>
<UnitTypeTranslation domainID="utTime">
<Name>time</Name>
</UnitTypeTranslation>
<UnitTypeTranslation domainID="utTemperature">
<Name>temperature</Name>
</UnitTypeTranslation>
<UnitTypeTranslation domainID="utMass">
<Name>mass</Name>
</UnitTypeTranslation>
<UnitTypeTranslation domainID="utPercent">
<Name>percent</Name>
</UnitTypeTranslation>
<UnitTypeTranslation domainID="utArea">
<Name>area</Name>
</UnitTypeTranslation>
<UnitTypeTranslation domainID="utVolume">
<Name>volume</Name>
</UnitTypeTranslation>
<UnitTypeTranslation domainID="utSpeed">
<Name>speed</Name>
</UnitTypeTranslation>
<UnitTypeTranslation domainID="utMassPerArea">
<Name>mass per area</Name>
</UnitTypeTranslation>
<UnitTypeTranslation domainID="utVolumePerArea">
<Name>volume per area</Name>
</UnitTypeTranslation>
<UnitTypeTranslation domainID="utAngle">
<Name>angular vector</Name>
</UnitTypeTranslation>
<UnitTypeTranslation domainID="utMassPerVolume">
<Name>mass per volume</Name>
</UnitTypeTranslation>
<UnitTypeTranslation domainID="utVolumePerTime">
<Name>volume per time</Name>
</UnitTypeTranslation>
<UnitTypeTranslation domainID="utContainer">
<Name>container</Name>
</UnitTypeTranslation>
<UnitTypeTranslation domainID="utBag">
<Name>bag</Name>
</UnitTypeTranslation>
<UnitTypeTranslation domainID="utBarrel">
<Name>barrel</Name>
</UnitTypeTranslation>
<UnitTypeTranslation domainID="utSack">
<Name>sack</Name>
</UnitTypeTranslation>
<UnitTypeTranslation domainID="utContainerPerArea">
<Name>container per area</Name>
</UnitTypeTranslation>
<UnitTypeTranslation domainID="utBagPerArea">
<Name>bag per area</Name>
</UnitTypeTranslation>
<UnitTypeTranslation domainID="utBarrelPerArea">
<Name>barrel per area</Name>
</UnitTypeTranslation>
<UnitTypeTranslation domainID="utSackPerArea">
<Name>sack per area</Name>
</UnitTypeTranslation>
<UnitTypeTranslation domainID="utBale">
<Name>bale</Name>
</UnitTypeTranslation>
<UnitTypeTranslation domainID="utBalesPerArea">
<Name>bales per area</Name>
</UnitTypeTranslation>
<UnitTypeTranslation domainID="utBalesPerMass">
<Name>bales per mass</Name>
</UnitTypeTranslation>
<UnitTypeTranslation domainID="utBalesPerTime">
<Name>bales per time</Name>
</UnitTypeTranslation>
<UnitTypeTranslation domainID="utMassPerBale">
<Name>mass per bale</Name>
</UnitTypeTranslation>
<UnitTypeTranslation domainID="utBalesPerVolume">
<Name>bales per volume</Name>
</UnitTypeTranslation>
<UnitTypeTranslation domainID="utCurrency">
<Name>currency</Name>
</UnitTypeTranslation>
<UnitTypeTranslation domainID="utCurrencyPerContainer">
<Name>currency per container</Name>
</UnitTypeTranslation>
<UnitTypeTranslation domainID="utCurrencyPerBag">
<Name>currency per bag</Name>
</UnitTypeTranslation>
<UnitTypeTranslation domainID="utMassPerContainer">
<Name>mass per container</Name>
</UnitTypeTranslation>
<UnitTypeTranslation domainID="utMassPerBag">
<Name>mass per bag</Name>
</UnitTypeTranslation>
<UnitTypeTranslation domainID="utMassPerBarrel">
<Name>mass per barrel</Name>
</UnitTypeTranslation>
<UnitTypeTranslation domainID="utMassPerSack">
<Name>mass per sack</Name>
</UnitTypeTranslation>
<UnitTypeTranslation domainID="utCurrencyPerBale">
<Name>currency per bale</Name>
</UnitTypeTranslation>
<UnitTypeTranslation domainID="utCurrencyPerArea">
<Name>currency per area</Name>
</UnitTypeTranslation>
<UnitTypeTranslation domainID="utCurrencyPerVolume">
<Name>currency per volume</Name>
</UnitTypeTranslation>
<UnitTypeTranslation domainID="utCurrencyPerTime">
<Name>currency per time</Name>
</UnitTypeTranslation>
<UnitTypeTranslation domainID="utSeeds">
<Name>seeds</Name>
</UnitTypeTranslation>
<UnitTypeTranslation domainID="utDataPoints">
<Name>points</Name>
</UnitTypeTranslation>
<UnitTypeTranslation domainID="utSeedsPerArea">
<Name>seeds per area</Name>
</UnitTypeTranslation>
<UnitTypeTranslation domainID="utSeedsPerMass">
<Name>seeds per mass</Name>
</UnitTypeTranslation>
<UnitTypeTranslation domainID="utSeedsPerTime">
<Name>seeds per time</Name>
</UnitTypeTranslation>
<UnitTypeTranslation domainID="utSeedsPerVolume">
<Name>seeds per volume</Name>
</UnitTypeTranslation>
<UnitTypeTranslation domainID="utSeedsPerContainer">
<Name>seeds per container</Name>
</UnitTypeTranslation>
<UnitTypeTranslation domainID="utSeedsPerBag">
<Name>seeds per bag</Name>
</UnitTypeTranslation>
<UnitTypeTranslation domainID="utSeedsPerBarrel">
<Name>seeds per barrel</Name>
</UnitTypeTranslation>
<UnitTypeTranslation domainID="utSeedsPerSack">
<Name>seeds per sack</Name>
</UnitTypeTranslation>
<UnitTypeTranslation domainID="utMassPerSeeds">
<Name>mass per seeds</Name>
</UnitTypeTranslation>
<UnitTypeTranslation domainID="utDataPointsPerTime">
<Name>data points per time</Name>
</UnitTypeTranslation>
<UnitTypeTranslation domainID="utRows">
<Name description="Measure of rows for row crops.">rows</Name>
</UnitTypeTranslation>
<UnitTypeTranslation domainID="utAreaPerTime">
<Name>area per time</Name>
</UnitTypeTranslation>
<UnitTypeTranslation domainID="utMassPerTime">
<Name>mass per time</Name>
</UnitTypeTranslation>
<UnitTypeTranslation domainID="utVolumePerMass">
<Name>volume per mass</Name>
</UnitTypeTranslation>
<UnitTypeTranslation domainID="utPressure">
<Name>pressure</Name>
</UnitTypeTranslation>
<UnitTypeTranslation domainID="utForce">
<Name>force</Name>
</UnitTypeTranslation>
<UnitTypeTranslation domainID="utAngularVelocity">
<Name>angular velocity</Name>
</UnitTypeTranslation>
<UnitTypeTranslation domainID="utDistancePerPercent">
<Name>distance per percent</Name>
</UnitTypeTranslation>
<UnitTypeTranslation domainID="utDistancePerDegree">
<Name>distance per degree</Name>
</UnitTypeTranslation>
<UnitTypeTranslation domainID="utFrequency">
<Name>frequency</Name>
</UnitTypeTranslation>
<UnitTypeTranslation domainID="utCount">
<Name>count</Name>
</UnitTypeTranslation>
<UnitTypeTranslation domainID="utMassPerMass">
<Name>mass per mass</Name>
</UnitTypeTranslation>
<UnitTypeTranslation domainID="utVolumePerVolume">
<Name>volume per volume</Name>
</UnitTypeTranslation>
<UnitTypeTranslation domainID="utVoltage">
<Name>voltage</Name>
</UnitTypeTranslation>
<UnitOfMeasureTranslation domainID="m">
<Name label="m" plural="meters">meter</Name>
</UnitOfMeasureTranslation>
<UnitOfMeasureTranslation domainID="ft">
<Name label="ft" plural="feet">foot</Name>
</UnitOfMeasureTranslation>
<UnitOfMeasureTranslation domainID="in">
<Name label="in" plural="inches">inch</Name>
</UnitOfMeasureTranslation>
<UnitOfMeasureTranslation domainID="mi">
<Name label="mi" plural="statute miles">statute mile</Name>
</UnitOfMeasureTranslation>
<UnitOfMeasureTranslation domainID="Nmi">
<Name label="Nmi" plural="nautical miles">nautical mile</Name>
</UnitOfMeasureTranslation>
<UnitOfMeasureTranslation domainID="yd">
<Name label="yd" plural="yard">yard</Name>
</UnitOfMeasureTranslation>
<UnitOfMeasureTranslation domainID="Em">
<Name label="Em" plural="exameters">exameter</Name>
</UnitOfMeasureTranslation>
<UnitOfMeasureTranslation domainID="Pm">
<Name label="Pm" plural="petameters">petameter</Name>
</UnitOfMeasureTranslation>
<UnitOfMeasureTranslation domainID="Tm">
<Name label="Tm" plural="terameters">terameter</Name>
</UnitOfMeasureTranslation>
<UnitOfMeasureTranslation domainID="Gm">
<Name label="Gm" plural="gigameters">gigameter</Name>
</UnitOfMeasureTranslation>
<UnitOfMeasureTranslation domainID="Mm">
<Name label="Mm" plural="megameters">megameter</Name>
</UnitOfMeasureTranslation>
<UnitOfMeasureTranslation domainID="km">
<Name label="km" plural="kilometers">kilometer</Name>
</UnitOfMeasureTranslation>
<UnitOfMeasureTranslation domainID="hm">
<Name label="hm" plural="hectometers">hectometer</Name>
</UnitOfMeasureTranslation>
<UnitOfMeasureTranslation domainID="dam">
<Name label="dam" plural="dekameters">dekameter</Name>
</UnitOfMeasureTranslation>
<UnitOfMeasureTranslation domainID="dm">
<Name label="dm" plural="decimeters">decimeter</Name>
</UnitOfMeasureTranslation>
<UnitOfMeasureTranslation domainID="cm">
<Name label="cm" plural="centimeters">centimeter</Name>
</UnitOfMeasureTranslation>
<UnitOfMeasureTranslation domainID="mm">
<Name label="mm" plural="millimeters">millimeter</Name>
</UnitOfMeasureTranslation>
<UnitOfMeasureTranslation domainID="um">
<Name label="um" plural="micrometers">micrometer</Name>
</UnitOfMeasureTranslation>
<UnitOfMeasureTranslation domainID="nm">
<Name label="nm" plural="nanometers">nanometer</Name>
</UnitOfMeasureTranslation>
<UnitOfMeasureTranslation domainID="pm">
<Name label="pm" plural="picometers">picometer</Name>
</UnitOfMeasureTranslation>
<UnitOfMeasureTranslation domainID="fm">
<Name label="fm" plural="femtometers">femtometer</Name>
</UnitOfMeasureTranslation>
<UnitOfMeasureTranslation domainID="am">
<Name label="am" plural="attometers">attometer</Name>
</UnitOfMeasureTranslation>
<UnitOfMeasureTranslation domainID="us">
<Name label="us" plural="microseconds">microsecond</Name>
</UnitOfMeasureTranslation>
<UnitOfMeasureTranslation domainID="ms">
<Name label="ms" plural="milliseconds">millisecond</Name>
</UnitOfMeasureTranslation>
<UnitOfMeasureTranslation domainID="sec">
<Name label="sec" plural="seconds">second</Name>
</UnitOfMeasureTranslation>
<UnitOfMeasureTranslation domainID="min">
<Name label="min" plural="minutes">minute</Name>
</UnitOfMeasureTranslation>
<UnitOfMeasureTranslation domainID="hr">
<Name label="h" plural="hours">hour</Name>
</UnitOfMeasureTranslation>
<UnitOfMeasureTranslation domainID="day">
<Name label="day" plural="days">day</Name>
</UnitOfMeasureTranslation>
<UnitOfMeasureTranslation domainID="wk">
<Name label="wk" plural="weeks">week</Name>
</UnitOfMeasureTranslation>
<UnitOfMeasureTranslation domainID="C">
<Name label="°C" plural="celsius">celsius</Name>
</UnitOfMeasureTranslation>
<UnitOfMeasureTranslation domainID="F">
<Name label="°F" plural="fahrenheit">fahrenheit</Name>
</UnitOfMeasureTranslation>
<UnitOfMeasureTranslation domainID="K">
<Name label="K" plural="kelvin">kelvin</Name>
</UnitOfMeasureTranslation>
<UnitOfMeasureTranslation domainID="g">
<Name label="g" plural="grams">gram</Name>
</UnitOfMeasureTranslation>
<UnitOfMeasureTranslation domainID="lb">
<Name label="lb" plural="pounds">pound</Name>
</UnitOfMeasureTranslation>
<UnitOfMeasureTranslation domainID="ton">
<Name label="ton" plural="tons (U.S.)">ton (U.S.)</Name>
</UnitOfMeasureTranslation>
<UnitOfMeasureTranslation domainID="sg">
<Name label="sg" plural="slugs">slug</Name>
</UnitOfMeasureTranslation>
<UnitOfMeasureTranslation domainID="ozm">
<Name label="oz" plural="mass ounces">mass ounce</Name>
</UnitOfMeasureTranslation>
<UnitOfMeasureTranslation domainID="troyoz">
<Name label="troy oz" plural="troy ounces">troy ounce</Name>
</UnitOfMeasureTranslation>
<UnitOfMeasureTranslation domainID="t">
<Name label="t" plural="tonnes">tonne</Name>
</UnitOfMeasureTranslation>
<UnitOfMeasureTranslation domainID="Eg">
<Name label="Eg" plural="exagrams">exagram</Name>
</UnitOfMeasureTranslation>
<UnitOfMeasureTranslation domainID="Pg">
<Name label="Pg" plural="petagrams">petagram</Name>
</UnitOfMeasureTranslation>
<UnitOfMeasureTranslation domainID="Tg">
<Name label="Tg" plural="teragrams">teragram</Name>
</UnitOfMeasureTranslation>
<UnitOfMeasureTranslation domainID="Gg">
<Name label="Gg" plural="gigagrams">gigagram</Name>
</UnitOfMeasureTranslation>
<UnitOfMeasureTranslation domainID="Mg">
<Name label="Mg" plural="megagrams">megagram</Name>
</UnitOfMeasureTranslation>
<UnitOfMeasureTranslation domainID="kg">
<Name label="kg" plural="kilograms">kilogram</Name>
</UnitOfMeasureTranslation>
<UnitOfMeasureTranslation domainID="hg">
<Name label="hg" plural="hectograms">hectogram</Name>
</UnitOfMeasureTranslation>
<UnitOfMeasureTranslation domainID="dag">
<Name label="dkg" plural="dekagrams">dekagram</Name>
</UnitOfMeasureTranslation>
<UnitOfMeasureTranslation domainID="dg">
<Name label="dg" plural="decigrams">decigram</Name>
</UnitOfMeasureTranslation>
<UnitOfMeasureTranslation domainID="cg">
<Name label="cg" plural="centigrams">centigram</Name>
</UnitOfMeasureTranslation>
<UnitOfMeasureTranslation domainID="mg">
<Name label="mg" plural="milligrams">milligram</Name>
</UnitOfMeasureTranslation>
<UnitOfMeasureTranslation domainID="ug">
<Name label="ug" plural="micrograms">microgram</Name>
</UnitOfMeasureTranslation>
<UnitOfMeasureTranslation domainID="ng">
<Name label="ng" plural="nanograms">nanogram</Name>
</UnitOfMeasureTranslation>
<UnitOfMeasureTranslation domainID="pg">
<Name label="pg" plural="picograms">picogram</Name>
</UnitOfMeasureTranslation>
<UnitOfMeasureTranslation domainID="fg">
<Name label="fg" plural="femtograms">femtogram</Name>
</UnitOfMeasureTranslation>
<UnitOfMeasureTranslation domainID="ag">
<Name label="ag" plural="attograms">attogram</Name>
</UnitOfMeasureTranslation>
<UnitOfMeasureTranslation domainID="stone">
<Name label="stone" plural="stones">stone</Name>
</UnitOfMeasureTranslation>
<UnitOfMeasureTranslation domainID="cwt">
<Name label="cwt" plural="hundred weight">hundred weight</Name>
</UnitOfMeasureTranslation>
<UnitOfMeasureTranslation domainID="ratio">
<Name label="ratio" plural="ratio">ratio</Name>
</UnitOfMeasureTranslation>
<UnitOfMeasureTranslation domainID="prcnt">
<Name label="%" plural="percent">percent</Name>
</UnitOfMeasureTranslation>
<UnitOfMeasureTranslation domainID="prcntHndth">
<Name label="%/100" plural="hundredth of a percent">hundredth of a percent</Name>
</UnitOfMeasureTranslation>
<UnitOfMeasureTranslation domainID="ha">
<Name label="ha" plural="hectares">hectare</Name>
</UnitOfMeasureTranslation>
<UnitOfMeasureTranslation domainID="ac">
<Name label="ac" plural="acres">acre</Name>
</UnitOfMeasureTranslation>
<UnitOfMeasureTranslation domainID="thsndSqFt">
<Name label="1000 sq.ft" plural="thousand square feet">thousand square feet</Name>
</UnitOfMeasureTranslation>
<UnitOfMeasureTranslation domainID="l">
<Name label="l" plural="liters">liter</Name>
</UnitOfMeasureTranslation>
<UnitOfMeasureTranslation domainID="floz">
<Name label="floz" plural="fluid ounces">fluid ounce</Name>
</UnitOfMeasureTranslation>
<UnitOfMeasureTranslation domainID="gal">
<Name label="gal" plural="gallons">gallon</Name>
</UnitOfMeasureTranslation>
<UnitOfMeasureTranslation domainID="thsndgal">
<Name label="gal X 1000" plural="thousand gallons">thousand gallon</Name>
</UnitOfMeasureTranslation>
<UnitOfMeasureTranslation domainID="qtdry">
<Name label="dry qt" plural="dry quarts">dry quart</Name>
</UnitOfMeasureTranslation>
<UnitOfMeasureTranslation domainID="ptdry">
<Name label="dry pt" plural="dry pints (U.S.)">dry pint (U.S.)</Name>
</UnitOfMeasureTranslation>
<UnitOfMeasureTranslation domainID="qt">
<Name label="qt" plural="quarts">quart</Name>
</UnitOfMeasureTranslation>
<UnitOfMeasureTranslation domainID="pt">
<Name label="pt" plural="pints (U.S.)">pint (U.S.)</Name>
</UnitOfMeasureTranslation>
<UnitOfMeasureTranslation domainID="uk_pt">
<Name label="uk_pt" plural="pints (U.K.)">pint (U.K.)</Name>
</UnitOfMeasureTranslation>
<UnitOfMeasureTranslation domainID="El">
<Name label="El" plural="exaliters">exaliter</Name>
</UnitOfMeasureTranslation>
<UnitOfMeasureTranslation domainID="Pl">
<Name label="Pl" plural="petaliters">petaliter</Name>
</UnitOfMeasureTranslation>
<UnitOfMeasureTranslation domainID="Tl">
<Name label="Tl" plural="teraliters">teraliter</Name>
</UnitOfMeasureTranslation>
<UnitOfMeasureTranslation domainID="Gl">
<Name label="Gl" plural="gigaliters">gigaliter</Name>
</UnitOfMeasureTranslation>
<UnitOfMeasureTranslation domainID="Ml">
<Name label="Ml" plural="megaliters">megaliter</Name>
</UnitOfMeasureTranslation>
<UnitOfMeasureTranslation domainID="kl">
<Name label="kl" plural="kiloliters">kiloliter</Name>
</UnitOfMeasureTranslation>
<UnitOfMeasureTranslation domainID="hl">
<Name label="hl" plural="hectoliters">hectoliter</Name>
</UnitOfMeasureTranslation>
<UnitOfMeasureTranslation domainID="dal">
<Name label="dal" plural="dekaliters">dekaliter</Name>
</UnitOfMeasureTranslation>
<UnitOfMeasureTranslation domainID="dl">
<Name label="dl" plural="deciliters">deciliter</Name>
</UnitOfMeasureTranslation>
<UnitOfMeasureTranslation domainID="cl">
<Name label="cl" plural="centiliters">centiliter</Name>
</UnitOfMeasureTranslation>
<UnitOfMeasureTranslation domainID="ml">
<Name label="ml" plural="milliliters">milliliter</Name>
</UnitOfMeasureTranslation>
<UnitOfMeasureTranslation domainID="ul">
<Name label="ul" plural="microliters">microliter</Name>
</UnitOfMeasureTranslation>
<UnitOfMeasureTranslation domainID="nl">
<Name label="nl" plural="nanoliters">nanoliter</Name>
</UnitOfMeasureTranslation>
<UnitOfMeasureTranslation domainID="pl">
<Name label="pl" plural="picoliters">picoliter</Name>
</UnitOfMeasureTranslation>
<UnitOfMeasureTranslation domainID="fl">
<Name label="fl" plural="femtoliters">femtoliter</Name>
</UnitOfMeasureTranslation>
<UnitOfMeasureTranslation domainID="al">
<Name label="al" plural="attoliters">attoliter</Name>
</UnitOfMeasureTranslation>
<UnitOfMeasureTranslation domainID="bu">
<Name label="bu" plural="bushels">bushel</Name>
</UnitOfMeasureTranslation>
<UnitOfMeasureTranslation domainID="igal">
<Name label="igal" plural="igals">i-gallon</Name>
</UnitOfMeasureTranslation>
<UnitOfMeasureTranslation domainID="arcdeg">
<Name label="deg" plural="arc degrees">arc degree</Name>
</UnitOfMeasureTranslation>
<UnitOfMeasureTranslation domainID="arcmin">
<Name label="arcmin" plural="arc minutes">arc minute</Name>
</UnitOfMeasureTranslation>
<UnitOfMeasureTranslation domainID="arcsec">
<Name label="arcsec" plural="arc seconds">arc second</Name>
</UnitOfMeasureTranslation>
<UnitOfMeasureTranslation domainID="rad">
<Name label="rad" plural="radians">radians</Name>
</UnitOfMeasureTranslation>
<UnitOfMeasureTranslation domainID="thDeg">
<Name label="deg*10000" plural="deg*10000">Ten thousandths of a degree</Name>
</UnitOfMeasureTranslation>
<UnitOfMeasureTranslation domainID="container">
<Name label="container" plural="containers">container</Name>
</UnitOfMeasureTranslation>
<UnitOfMeasureTranslation domainID="bag">
<Name label="bag" plural="bags">bag</Name>
</UnitOfMeasureTranslation>
<UnitOfMeasureTranslation domainID="barrel">
<Name label="barrel" plural="barrels">barrel</Name>
</UnitOfMeasureTranslation>
<UnitOfMeasureTranslation domainID="sack">
<Name label="sack" plural="sacks">sack</Name>
</UnitOfMeasureTranslation>
<UnitOfMeasureTranslation domainID="bale">
<Name label="bales" plural="bales">bale</Name>
</UnitOfMeasureTranslation>
<UnitOfMeasureTranslation domainID="cur">
<Name label="currency" plural="currency">currency</Name>
</UnitOfMeasureTranslation>
<UnitOfMeasureTranslation domainID="seeds">
<Name label="seeds" plural="seeds">seed</Name>
</UnitOfMeasureTranslation>
<UnitOfMeasureTranslation domainID="thndSeeds">
<Name label="1000Seeds" plural="1000Seeds">thousandSeed</Name>
</UnitOfMeasureTranslation>
<UnitOfMeasureTranslation domainID="points">
<Name label="points" plural="points">point</Name>
</UnitOfMeasureTranslation>
<UnitOfMeasureTranslation domainID="row">
<Name label="rows" plural="rows">row</Name>
</UnitOfMeasureTranslation>
<UnitOfMeasureTranslation domainID="Pa">
<Name label="Pa" plural="Pa">Pascal</Name>
</UnitOfMeasureTranslation>
<UnitOfMeasureTranslation domainID="kPa">
<Name label="kPa" plural="kPa">kiloPascal</Name>
</UnitOfMeasureTranslation>
<UnitOfMeasureTranslation domainID="PSI">
<Name label="PSI" plural="PSI">PSI</Name>
</UnitOfMeasureTranslation>
<UnitOfMeasureTranslation domainID="bar">
<Name label="bar" plural="bar">bar</Name>
</UnitOfMeasureTranslation>
<UnitOfMeasureTranslation domainID="N">
<Name label="N" plural="N">Newton</Name>
</UnitOfMeasureTranslation>
<UnitOfMeasureTranslation domainID="mN">
<Name label="mN" plural="mN">milliNewton</Name>
</UnitOfMeasureTranslation>
<UnitOfMeasureTranslation domainID="lbf">
<Name label="lbf" plural="pounds of force">pounds of force</Name>
</UnitOfMeasureTranslation>
<UnitOfMeasureTranslation domainID="RPM">
<Name label="RPM" plural="RPM">Rotations per Minute</Name>
</UnitOfMeasureTranslation>
<UnitOfMeasureTranslation domainID="hndrthRPM">
<Name label="RPM*100" plural="RPM*100">Hundreths of Rotations per Minute</Name>
</UnitOfMeasureTranslation>
<UnitOfMeasureTranslation domainID="hz">
<Name label="Hz" plural="hertz">hertz</Name>
</UnitOfMeasureTranslation>
<UnitOfMeasureTranslation domainID="count">
<Name label="count" plural="counts">count</Name>
</UnitOfMeasureTranslation>
<UnitOfMeasureTranslation domainID="V">
<Name label="V" plural="V">Volt</Name>
</UnitOfMeasureTranslation>
<UnitOfMeasureSystemTranslation domainID="umsEnglish">
<Name label="us">English</Name>
</UnitOfMeasureSystemTranslation>
<UnitOfMeasureSystemTranslation domainID="umsMetric">
<Name label="metric">Metric</Name>
</UnitOfMeasureSystemTranslation>
<UnitOfMeasureSystemTranslation domainID="umsImperial">
<Name label="us">Imperial</Name>
</UnitOfMeasureSystemTranslation>
<UnitOfMeasureSystemTranslation domainID="umsMixed">
<Name label="mixed">Mixed</Name>
</UnitOfMeasureSystemTranslation>
</UnitSystemTranslation>