﻿<?xml version="1.0" encoding="utf-8"?><UnitSystemTranslation xmlns="urn:schemas-johndeere-com:UnitSystemTranslation" xmlns:bt="urn:schemas-johndeere-com:BasicTypes" xmlns:unit="urn:schemas-johndeere-com:UnitSystem" xmlns:xsi="http://www.w3.org/2001/XMLSchema-instance" xsi:schemaLocation="urn:schemas-johndeere-com:UnitSystemTranslation UnitSystemTranslation.xsd" locale="nl">
<SchemaVersion major="1" minor="0" />
<ContentVersion major="1" minor="0" />
<UnitTypeTranslation domainID="utDistance">
<Name>afstand</Name>
</UnitTypeTranslation>
<UnitTypeTranslation domainID="utTime">
<Name>tijd</Name>
</UnitTypeTranslation>
<UnitTypeTranslation domainID="utTemperature">
<Name>temperatuur</Name>
</UnitTypeTranslation>
<UnitTypeTranslation domainID="utMass">
<Name>massa</Name>
</UnitTypeTranslation>
<UnitTypeTranslation domainID="utPercent">
<Name>procent</Name>
</UnitTypeTranslation>
<UnitTypeTranslation domainID="utArea">
<Name>oppervlakte</Name>
</UnitTypeTranslation>
<UnitTypeTranslation domainID="utVolume">
<Name>volume</Name>
</UnitTypeTranslation>
<UnitTypeTranslation domainID="utSpeed">
<Name>snelheid</Name>
</UnitTypeTranslation>
<UnitTypeTranslation domainID="utMassPerArea">
<Name>massa per oppervlakte</Name>
</UnitTypeTranslation>
<UnitTypeTranslation domainID="utVolumePerArea">
<Name>volume per oppervlakte</Name>
</UnitTypeTranslation>
<UnitTypeTranslation domainID="utAngle">
<Name>hoekvector</Name>
</UnitTypeTranslation>
<UnitTypeTranslation domainID="utMassPerVolume">
<Name>massa per volume</Name>
</UnitTypeTranslation>
<UnitTypeTranslation domainID="utVolumePerTime">
<Name>volume per tijd</Name>
</UnitTypeTranslation>
<UnitTypeTranslation domainID="utContainer">
<Name>container</Name>
</UnitTypeTranslation>
<UnitTypeTranslation domainID="utBag">
<Name>zak</Name>
</UnitTypeTranslation>
<UnitTypeTranslation domainID="utBarrel">
<Name>barrel</Name>
</UnitTypeTranslation>
<UnitTypeTranslation domainID="utSack">
<Name>sack</Name>
</UnitTypeTranslation>
<UnitTypeTranslation domainID="utContainerPerArea">
<Name>container per oppervlakte</Name>
</UnitTypeTranslation>
<UnitTypeTranslation domainID="utBagPerArea">
<Name>zak pr oprvl</Name>
</UnitTypeTranslation>
<UnitTypeTranslation domainID="utBarrelPerArea">
<Name>barrel per oppervl</Name>
</UnitTypeTranslation>
<UnitTypeTranslation domainID="utSackPerArea">
<Name>sack per oprvl</Name>
</UnitTypeTranslation>
<UnitTypeTranslation domainID="utBale">
<Name>baal</Name>
</UnitTypeTranslation>
<UnitTypeTranslation domainID="utBalesPerArea">
<Name>balen per oppervlakte</Name>
</UnitTypeTranslation>
<UnitTypeTranslation domainID="utBalesPerMass">
<Name>balen per massa</Name>
</UnitTypeTranslation>
<UnitTypeTranslation domainID="utBalesPerTime">
<Name>balen per tijd</Name>
</UnitTypeTranslation>
<UnitTypeTranslation domainID="utMassPerBale">
<Name>massa per baal</Name>
</UnitTypeTranslation>
<UnitTypeTranslation domainID="utBalesPerVolume">
<Name>balen per volume</Name>
</UnitTypeTranslation>
<UnitTypeTranslation domainID="utCurrency">
<Name>valuta</Name>
</UnitTypeTranslation>
<UnitTypeTranslation domainID="utCurrencyPerContainer">
<Name>valuta per container</Name>
</UnitTypeTranslation>
<UnitTypeTranslation domainID="utCurrencyPerBag">
<Name>valuta per zak</Name>
</UnitTypeTranslation>
<UnitTypeTranslation domainID="utMassPerContainer">
<Name>massa per container</Name>
</UnitTypeTranslation>
<UnitTypeTranslation domainID="utMassPerBag">
<Name>massa pr zak</Name>
</UnitTypeTranslation>
<UnitTypeTranslation domainID="utMassPerBarrel">
<Name>massa per barrel</Name>
</UnitTypeTranslation>
<UnitTypeTranslation domainID="utMassPerSack">
<Name>massa per sack</Name>
</UnitTypeTranslation>
<UnitTypeTranslation domainID="utCurrencyPerBale">
<Name>valuta per baal</Name>
</UnitTypeTranslation>
<UnitTypeTranslation domainID="utCurrencyPerArea">
<Name>valuta per oppervlakte</Name>
</UnitTypeTranslation>
<UnitTypeTranslation domainID="utCurrencyPerVolume">
<Name>valuta per volume</Name>
</UnitTypeTranslation>
<UnitTypeTranslation domainID="utCurrencyPerTime">
<Name>valuta per tijd</Name>
</UnitTypeTranslation>
<UnitTypeTranslation domainID="utSeeds">
<Name>zaden</Name>
</UnitTypeTranslation>
<UnitTypeTranslation domainID="utDataPoints">
<Name>punten</Name>
</UnitTypeTranslation>
<UnitTypeTranslation domainID="utSeedsPerArea">
<Name>zaden per oppervlakte</Name>
</UnitTypeTranslation>
<UnitTypeTranslation domainID="utSeedsPerMass">
<Name>zaden per massa</Name>
</UnitTypeTranslation>
<UnitTypeTranslation domainID="utSeedsPerTime">
<Name>zaden per tijd</Name>
</UnitTypeTranslation>
<UnitTypeTranslation domainID="utSeedsPerVolume">
<Name>zaden per volume</Name>
</UnitTypeTranslation>
<UnitTypeTranslation domainID="utSeedsPerContainer">
<Name>zaden per container</Name>
</UnitTypeTranslation>
<UnitTypeTranslation domainID="utSeedsPerBag">
<Name>zaden per zak</Name>
</UnitTypeTranslation>
<UnitTypeTranslation domainID="utSeedsPerBarrel">
<Name>zaden per barrel</Name>
</UnitTypeTranslation>
<UnitTypeTranslation domainID="utSeedsPerSack">
<Name>zaden per sack</Name>
</UnitTypeTranslation>
<UnitTypeTranslation domainID="utMassPerSeeds">
<Name>massa per zaden</Name>
</UnitTypeTranslation>
<UnitTypeTranslation domainID="utDataPointsPerTime">
<Name>gegevenspunten per tijd</Name>
</UnitTypeTranslation>
<UnitTypeTranslation domainID="utRows">
<Name description="Meting van rijen voor rijgewassen.">rijen</Name>
</UnitTypeTranslation>
<UnitTypeTranslation domainID="utAreaPerTime">
<Name>oppervlakte per tijd</Name>
</UnitTypeTranslation>
<UnitTypeTranslation domainID="utMassPerTime">
<Name>massa per tijd</Name>
</UnitTypeTranslation>
<UnitTypeTranslation domainID="utVolumePerMass">
<Name>volume per massa</Name>
</UnitTypeTranslation>
<UnitTypeTranslation domainID="utPressure">
<Name>druk</Name>
</UnitTypeTranslation>
<UnitTypeTranslation domainID="utForce">
<Name>kracht</Name>
</UnitTypeTranslation>
<UnitTypeTranslation domainID="utAngularVelocity">
<Name>hoeksnelheid</Name>
</UnitTypeTranslation>
<UnitTypeTranslation domainID="utDistancePerPercent">
<Name>afstand per procent</Name>
</UnitTypeTranslation>
<UnitTypeTranslation domainID="utDistancePerDegree">
<Name>afstand per graad</Name>
</UnitTypeTranslation>
<UnitTypeTranslation domainID="utFrequency">
<Name>frequenti</Name>
</UnitTypeTranslation>
<UnitTypeTranslation domainID="utCount">
<Name>aantal</Name>
</UnitTypeTranslation>
<UnitTypeTranslation domainID="utMassPerMass">
<Name>massa per massa</Name>
</UnitTypeTranslation>
<UnitTypeTranslation domainID="utVolumePerVolume">
<Name>volume per volume</Name>
</UnitTypeTranslation>
<UnitTypeTranslation domainID="utVoltage">
<Name>spanning</Name>
</UnitTypeTranslation>
<UnitOfMeasureTranslation domainID="m">
<Name label="m" plural="meter">meter</Name>
</UnitOfMeasureTranslation>
<UnitOfMeasureTranslation domainID="ft">
<Name label="ft" plural="feet">feet</Name>
</UnitOfMeasureTranslation>
<UnitOfMeasureTranslation domainID="in">
<Name label="in" plural="inches">inch</Name>
</UnitOfMeasureTranslation>
<UnitOfMeasureTranslation domainID="mi">
<Name label="mi" plural="standaardmijl">standaardmijl</Name>
</UnitOfMeasureTranslation>
<UnitOfMeasureTranslation domainID="Nmi">
<Name label="Nmi" plural="zeemijl">zeemijl</Name>
</UnitOfMeasureTranslation>
<UnitOfMeasureTranslation domainID="yd">
<Name label="yd" plural="yard">yard</Name>
</UnitOfMeasureTranslation>
<UnitOfMeasureTranslation domainID="Em">
<Name label="Em" plural="exameter">exameter</Name>
</UnitOfMeasureTranslation>
<UnitOfMeasureTranslation domainID="Pm">
<Name label="Pm" plural="petameter">petameter</Name>
</UnitOfMeasureTranslation>
<UnitOfMeasureTranslation domainID="Tm">
<Name label="Tm" plural="terameter">terameter</Name>
</UnitOfMeasureTranslation>
<UnitOfMeasureTranslation domainID="Gm">
<Name label="Gm" plural="gigameter">gigameter</Name>
</UnitOfMeasureTranslation>
<UnitOfMeasureTranslation domainID="Mm">
<Name label="Mm" plural="megameter">megameter</Name>
</UnitOfMeasureTranslation>
<UnitOfMeasureTranslation domainID="km">
<Name label="km" plural="kilometer">kilometer</Name>
</UnitOfMeasureTranslation>
<UnitOfMeasureTranslation domainID="hm">
<Name label="hm" plural="hectometer">hectometer</Name>
</UnitOfMeasureTranslation>
<UnitOfMeasureTranslation domainID="dam">
<Name label="dam" plural="decameter">decameter</Name>
</UnitOfMeasureTranslation>
<UnitOfMeasureTranslation domainID="dm">
<Name label="dm" plural="decimeter">decimeter</Name>
</UnitOfMeasureTranslation>
<UnitOfMeasureTranslation domainID="cm">
<Name label="cm" plural="centimeter">centimeter</Name>
</UnitOfMeasureTranslation>
<UnitOfMeasureTranslation domainID="mm">
<Name label="mm" plural="millimeter">millimeter</Name>
</UnitOfMeasureTranslation>
<UnitOfMeasureTranslation domainID="um">
<Name label="um" plural="micrometer">micrometer</Name>
</UnitOfMeasureTranslation>
<UnitOfMeasureTranslation domainID="nm">
<Name label="nm" plural="nanometer">nanometer</Name>
</UnitOfMeasureTranslation>
<UnitOfMeasureTranslation domainID="pm">
<Name label="pm" plural="picometer">picometer</Name>
</UnitOfMeasureTranslation>
<UnitOfMeasureTranslation domainID="fm">
<Name label="fm" plural="femtometer">femtometer</Name>
</UnitOfMeasureTranslation>
<UnitOfMeasureTranslation domainID="am">
<Name label="am" plural="attometer">attometer</Name>
</UnitOfMeasureTranslation>
<UnitOfMeasureTranslation domainID="us">
<Name label="us" plural="microseconden">microseconde</Name>
</UnitOfMeasureTranslation>
<UnitOfMeasureTranslation domainID="ms">
<Name label="ms" plural="milliseconden">milliseconde</Name>
</UnitOfMeasureTranslation>
<UnitOfMeasureTranslation domainID="sec">
<Name label="sec" plural="seconden">seconde</Name>
</UnitOfMeasureTranslation>
<UnitOfMeasureTranslation domainID="min">
<Name label="min" plural="minuten">minuut</Name>
</UnitOfMeasureTranslation>
<UnitOfMeasureTranslation domainID="hr">
<Name label="h" plural="uur">uur</Name>
</UnitOfMeasureTranslation>
<UnitOfMeasureTranslation domainID="day">
<Name label="dag" plural="dagen">dag</Name>
</UnitOfMeasureTranslation>
<UnitOfMeasureTranslation domainID="wk">
<Name label="wk" plural="weken">week</Name>
</UnitOfMeasureTranslation>
<UnitOfMeasureTranslation domainID="C">
<Name label="°C" plural="celsius">celsius</Name>
</UnitOfMeasureTranslation>
<UnitOfMeasureTranslation domainID="F">
<Name label="°F" plural="fahrenheit">fahrenheit</Name>
</UnitOfMeasureTranslation>
<UnitOfMeasureTranslation domainID="K">
<Name label="K" plural="kelvin">kelvin</Name>
</UnitOfMeasureTranslation>
<UnitOfMeasureTranslation domainID="g">
<Name label="g" plural="gram">gram</Name>
</UnitOfMeasureTranslation>
<UnitOfMeasureTranslation domainID="lb">
<Name label="lb" plural="Engels pond">Engels pond</Name>
</UnitOfMeasureTranslation>
<UnitOfMeasureTranslation domainID="ton">
<Name label="ton" plural="ton (US)">ton (US)</Name>
</UnitOfMeasureTranslation>
<UnitOfMeasureTranslation domainID="sg">
<Name label="sg" plural="slug">slug</Name>
</UnitOfMeasureTranslation>
<UnitOfMeasureTranslation domainID="ozm">
<Name label="oz" plural="massa ounce">massa ounce</Name>
</UnitOfMeasureTranslation>
<UnitOfMeasureTranslation domainID="troyoz">
<Name label="troy oz" plural="troy ounce">troy ounce</Name>
</UnitOfMeasureTranslation>
<UnitOfMeasureTranslation domainID="t">
<Name label="t" plural="ton">ton</Name>
</UnitOfMeasureTranslation>
<UnitOfMeasureTranslation domainID="Eg">
<Name label="Eg" plural="exagram">exagram</Name>
</UnitOfMeasureTranslation>
<UnitOfMeasureTranslation domainID="Pg">
<Name label="Pg" plural="petagram">petagram</Name>
</UnitOfMeasureTranslation>
<UnitOfMeasureTranslation domainID="Tg">
<Name label="Tg" plural="teragram">teragram</Name>
</UnitOfMeasureTranslation>
<UnitOfMeasureTranslation domainID="Gg">
<Name label="Gg" plural="gigagram">gigagram</Name>
</UnitOfMeasureTranslation>
<UnitOfMeasureTranslation domainID="Mg">
<Name label="Mg" plural="megagram">megagram</Name>
</UnitOfMeasureTranslation>
<UnitOfMeasureTranslation domainID="kg">
<Name label="kg" plural="kilogram">kilogram</Name>
</UnitOfMeasureTranslation>
<UnitOfMeasureTranslation domainID="hg">
<Name label="hg" plural="hectogram">hectogram</Name>
</UnitOfMeasureTranslation>
<UnitOfMeasureTranslation domainID="dag">
<Name label="dkg" plural="decagram">decagram</Name>
</UnitOfMeasureTranslation>
<UnitOfMeasureTranslation domainID="dg">
<Name label="dg" plural="decigram">decigram</Name>
</UnitOfMeasureTranslation>
<UnitOfMeasureTranslation domainID="cg">
<Name label="cg" plural="centigram">centigram</Name>
</UnitOfMeasureTranslation>
<UnitOfMeasureTranslation domainID="mg">
<Name label="mg" plural="milligram">milligram</Name>
</UnitOfMeasureTranslation>
<UnitOfMeasureTranslation domainID="ug">
<Name label="ug" plural="microgram">microgram</Name>
</UnitOfMeasureTranslation>
<UnitOfMeasureTranslation domainID="ng">
<Name label="ng" plural="nanogram">nanogram</Name>
</UnitOfMeasureTranslation>
<UnitOfMeasureTranslation domainID="pg">
<Name label="pg" plural="picogram">picogram</Name>
</UnitOfMeasureTranslation>
<UnitOfMeasureTranslation domainID="fg">
<Name label="fg" plural="femtogram">femtogram</Name>
</UnitOfMeasureTranslation>
<UnitOfMeasureTranslation domainID="ag">
<Name label="ag" plural="attogram">attogram</Name>
</UnitOfMeasureTranslation>
<UnitOfMeasureTranslation domainID="stone">
<Name label="stone" plural="stone">stone</Name>
</UnitOfMeasureTranslation>
<UnitOfMeasureTranslation domainID="cwt">
<Name label="cwt" plural="hundredweight">hundredweight</Name>
</UnitOfMeasureTranslation>
<UnitOfMeasureTranslation domainID="ratio">
<Name label="verhouding" plural="verhouding">verhouding</Name>
</UnitOfMeasureTranslation>
<UnitOfMeasureTranslation domainID="prcnt">
<Name label="%" plural="procent">procent</Name>
</UnitOfMeasureTranslation>
<UnitOfMeasureTranslation domainID="prcntHndth">
<Name label="%/100" plural="honderdste procent">honderdste procent</Name>
</UnitOfMeasureTranslation>
<UnitOfMeasureTranslation domainID="ha">
<Name label="ha" plural="hectare">hectare</Name>
</UnitOfMeasureTranslation>
<UnitOfMeasureTranslation domainID="ac">
<Name label="ac" plural="acre">acre</Name>
</UnitOfMeasureTranslation>
<UnitOfMeasureTranslation domainID="thsndSqFt">
<Name label="1000 sq.ft" plural="duizend vierkante foot">duizend vierkante foot</Name>
</UnitOfMeasureTranslation>
<UnitOfMeasureTranslation domainID="l">
<Name label="l" plural="liter">liter</Name>
</UnitOfMeasureTranslation>
<UnitOfMeasureTranslation domainID="floz">
<Name label="floz" plural="fluid ounce">fluid ounce</Name>
</UnitOfMeasureTranslation>
<UnitOfMeasureTranslation domainID="gal">
<Name label="gal" plural="gallon">gallon</Name>
</UnitOfMeasureTranslation>
<UnitOfMeasureTranslation domainID="thsndgal">
<Name label="gal X 1000" plural="duizend gallons">duizend gallon</Name>
</UnitOfMeasureTranslation>
<UnitOfMeasureTranslation domainID="qtdry">
<Name label="dry qt" plural="droge quart">droge quart</Name>
</UnitOfMeasureTranslation>
<UnitOfMeasureTranslation domainID="ptdry">
<Name label="dry pt" plural="droge pint (US)">droge pint (US)</Name>
</UnitOfMeasureTranslation>
<UnitOfMeasureTranslation domainID="qt">
<Name label="qt" plural="quart">quart</Name>
</UnitOfMeasureTranslation>
<UnitOfMeasureTranslation domainID="pt">
<Name label="pt" plural="pint (US)">pint (US)</Name>
</UnitOfMeasureTranslation>
<UnitOfMeasureTranslation domainID="uk_pt">
<Name label="uk_pt" plural="pint (UK)">pint (UK)</Name>
</UnitOfMeasureTranslation>
<UnitOfMeasureTranslation domainID="El">
<Name label="El" plural="exaliter">exaliter</Name>
</UnitOfMeasureTranslation>
<UnitOfMeasureTranslation domainID="Pl">
<Name label="Pl" plural="petaliter">petaliter</Name>
</UnitOfMeasureTranslation>
<UnitOfMeasureTranslation domainID="Tl">
<Name label="Tl" plural="teraliter">teraliter</Name>
</UnitOfMeasureTranslation>
<UnitOfMeasureTranslation domainID="Gl">
<Name label="Gl" plural="gigaliter">gigaliter</Name>
</UnitOfMeasureTranslation>
<UnitOfMeasureTranslation domainID="Ml">
<Name label="Ml" plural="megaliter">megaliter</Name>
</UnitOfMeasureTranslation>
<UnitOfMeasureTranslation domainID="kl">
<Name label="kl" plural="kiloliter">kiloliter</Name>
</UnitOfMeasureTranslation>
<UnitOfMeasureTranslation domainID="hl">
<Name label="hl" plural="hectoliter">hectoliter</Name>
</UnitOfMeasureTranslation>
<UnitOfMeasureTranslation domainID="dal">
<Name label="dal" plural="decaliter">decaliter</Name>
</UnitOfMeasureTranslation>
<UnitOfMeasureTranslation domainID="dl">
<Name label="dl" plural="deciliter">deciliter</Name>
</UnitOfMeasureTranslation>
<UnitOfMeasureTranslation domainID="cl">
<Name label="cl" plural="centiliter">centiliter</Name>
</UnitOfMeasureTranslation>
<UnitOfMeasureTranslation domainID="ml">
<Name label="ml" plural="milliliter">milliliter</Name>
</UnitOfMeasureTranslation>
<UnitOfMeasureTranslation domainID="ul">
<Name label="ul" plural="microliter">microliter</Name>
</UnitOfMeasureTranslation>
<UnitOfMeasureTranslation domainID="nl">
<Name label="nl" plural="nanoliter">nanoliter</Name>
</UnitOfMeasureTranslation>
<UnitOfMeasureTranslation domainID="pl">
<Name label="pl" plural="picoliter">picoliter</Name>
</UnitOfMeasureTranslation>
<UnitOfMeasureTranslation domainID="fl">
<Name label="fl" plural="femtoliter">femtoliter</Name>
</UnitOfMeasureTranslation>
<UnitOfMeasureTranslation domainID="al">
<Name label="al" plural="attoliter">attoliter</Name>
</UnitOfMeasureTranslation>
<UnitOfMeasureTranslation domainID="bu">
<Name label="bu" plural="bushels">bushel</Name>
</UnitOfMeasureTranslation>
<UnitOfMeasureTranslation domainID="igal">
<Name label="igal" plural="igals">i-gallon</Name>
</UnitOfMeasureTranslation>
<UnitOfMeasureTranslation domainID="arcdeg">
<Name label="deg" plural="booggraden">booggraad</Name>
</UnitOfMeasureTranslation>
<UnitOfMeasureTranslation domainID="arcmin">
<Name label="arcmin" plural="boogminuten">boogminuut</Name>
</UnitOfMeasureTranslation>
<UnitOfMeasureTranslation domainID="arcsec">
<Name label="arcsec" plural="boogseconden">boogseconde</Name>
</UnitOfMeasureTranslation>
<UnitOfMeasureTranslation domainID="rad">
<Name label="rad" plural="radians">radians</Name>
</UnitOfMeasureTranslation>
<UnitOfMeasureTranslation domainID="thDeg">
<Name label="gr*10000" plural="gr*10000">tien duizendsten graad</Name>
</UnitOfMeasureTranslation>
<UnitOfMeasureTranslation domainID="container">
<Name label="container" plural="containers">container</Name>
</UnitOfMeasureTranslation>
<UnitOfMeasureTranslation domainID="bag">
<Name label="zak" plural="zakken">zak</Name>
</UnitOfMeasureTranslation>
<UnitOfMeasureTranslation domainID="barrel">
<Name label="barrel" plural="barrels">barrel</Name>
</UnitOfMeasureTranslation>
<UnitOfMeasureTranslation domainID="sack">
<Name label="sack" plural="sacks">sack</Name>
</UnitOfMeasureTranslation>
<UnitOfMeasureTranslation domainID="bale">
<Name label="balen" plural="balen">baal</Name>
</UnitOfMeasureTranslation>
<UnitOfMeasureTranslation domainID="cur">
<Name label="valuta" plural="valuta">valuta</Name>
</UnitOfMeasureTranslation>
<UnitOfMeasureTranslation domainID="seeds">
<Name label="zaden" plural="zaden">zaad</Name>
</UnitOfMeasureTranslation>
<UnitOfMeasureTranslation domainID="thndSeeds">
<Name label="1000Zaden" plural="1000Zaden">duizendZaden</Name>
</UnitOfMeasureTranslation>
<UnitOfMeasureTranslation domainID="points">
<Name label="punten" plural="punten">punt</Name>
</UnitOfMeasureTranslation>
<UnitOfMeasureTranslation domainID="row">
<Name label="rijen" plural="rijen">rij</Name>
</UnitOfMeasureTranslation>
<UnitOfMeasureTranslation domainID="Pa">
<Name label="Pa" plural="Pa">Pascal</Name>
</UnitOfMeasureTranslation>
<UnitOfMeasureTranslation domainID="kPa">
<Name label="kPa" plural="kPa">kiloPascal</Name>
</UnitOfMeasureTranslation>
<UnitOfMeasureTranslation domainID="PSI">
<Name label="PSI" plural="PSI">PSI</Name>
</UnitOfMeasureTranslation>
<UnitOfMeasureTranslation domainID="bar">
<Name label="bar" plural="bar">bar</Name>
</UnitOfMeasureTranslation>
<UnitOfMeasureTranslation domainID="N">
<Name label="N" plural="N">Newton</Name>
</UnitOfMeasureTranslation>
<UnitOfMeasureTranslation domainID="mN">
<Name label="mN" plural="mN">milliNewton</Name>
</UnitOfMeasureTranslation>
<UnitOfMeasureTranslation domainID="lbf">
<Name label="lbf" plural="pound-force">pound-force</Name>
</UnitOfMeasureTranslation>
<UnitOfMeasureTranslation domainID="RPM">
<Name label="TPM" plural="TPM">Omwentelingen per minuut</Name>
</UnitOfMeasureTranslation>
<UnitOfMeasureTranslation domainID="hndrthRPM">
<Name label="TPM*100" plural="TPM*100">Honderdsten omwentelingen per minuut</Name>
</UnitOfMeasureTranslation>
<UnitOfMeasureTranslation domainID="hz">
<Name label="Hz" plural="hertz">hertz</Name>
</UnitOfMeasureTranslation>
<UnitOfMeasureTranslation domainID="count">
<Name label="aantal" plural="aantallen">aantal</Name>
</UnitOfMeasureTranslation>
<UnitOfMeasureTranslation domainID="V">
<Name label="V" plural="V">volt</Name>
</UnitOfMeasureTranslation>
<UnitOfMeasureSystemTranslation domainID="umsEnglish">
<Name label="us">Engels</Name>
</UnitOfMeasureSystemTranslation>
<UnitOfMeasureSystemTranslation domainID="umsMetric">
<Name label="metrisch">Metrisch</Name>
</UnitOfMeasureSystemTranslation>
<UnitOfMeasureSystemTranslation domainID="umsImperial">
<Name label="us">Eng.</Name>
</UnitOfMeasureSystemTranslation>
<UnitOfMeasureSystemTranslation domainID="umsMixed">
<Name label="gemengd">Gemengd</Name>
</UnitOfMeasureSystemTranslation>
</UnitSystemTranslation>