﻿<?xml version="1.0" encoding="utf-8"?><UnitSystemTranslation xmlns="urn:schemas-johndeere-com:UnitSystemTranslation" xmlns:bt="urn:schemas-johndeere-com:BasicTypes" xmlns:unit="urn:schemas-johndeere-com:UnitSystem" xmlns:xsi="http://www.w3.org/2001/XMLSchema-instance" xsi:schemaLocation="urn:schemas-johndeere-com:UnitSystemTranslation UnitSystemTranslation.xsd" locale="pt">
<SchemaVersion major="1" minor="0" />
<ContentVersion major="1" minor="0" />
<UnitTypeTranslation domainID="utDistance">
<Name>distância</Name>
</UnitTypeTranslation>
<UnitTypeTranslation domainID="utTime">
<Name>hora</Name>
</UnitTypeTranslation>
<UnitTypeTranslation domainID="utTemperature">
<Name>temperatura</Name>
</UnitTypeTranslation>
<UnitTypeTranslation domainID="utMass">
<Name>massa</Name>
</UnitTypeTranslation>
<UnitTypeTranslation domainID="utPercent">
<Name>porcentagem</Name>
</UnitTypeTranslation>
<UnitTypeTranslation domainID="utArea">
<Name>área</Name>
</UnitTypeTranslation>
<UnitTypeTranslation domainID="utVolume">
<Name>volume</Name>
</UnitTypeTranslation>
<UnitTypeTranslation domainID="utSpeed">
<Name>velocidade</Name>
</UnitTypeTranslation>
<UnitTypeTranslation domainID="utMassPerArea">
<Name>massa por área</Name>
</UnitTypeTranslation>
<UnitTypeTranslation domainID="utVolumePerArea">
<Name>volume por área</Name>
</UnitTypeTranslation>
<UnitTypeTranslation domainID="utAngle">
<Name>vetor angulas</Name>
</UnitTypeTranslation>
<UnitTypeTranslation domainID="utMassPerVolume">
<Name>massa por volume</Name>
</UnitTypeTranslation>
<UnitTypeTranslation domainID="utVolumePerTime">
<Name>volume por tempo</Name>
</UnitTypeTranslation>
<UnitTypeTranslation domainID="utContainer">
<Name>recipiente</Name>
</UnitTypeTranslation>
<UnitTypeTranslation domainID="utBag">
<Name>saco</Name>
</UnitTypeTranslation>
<UnitTypeTranslation domainID="utBarrel">
<Name>barril</Name>
</UnitTypeTranslation>
<UnitTypeTranslation domainID="utSack">
<Name>sack</Name>
</UnitTypeTranslation>
<UnitTypeTranslation domainID="utContainerPerArea">
<Name>recipiente por área</Name>
</UnitTypeTranslation>
<UnitTypeTranslation domainID="utBagPerArea">
<Name>saca por área</Name>
</UnitTypeTranslation>
<UnitTypeTranslation domainID="utBarrelPerArea">
<Name>barril por área</Name>
</UnitTypeTranslation>
<UnitTypeTranslation domainID="utSackPerArea">
<Name>sack por área</Name>
</UnitTypeTranslation>
<UnitTypeTranslation domainID="utBale">
<Name>arroba</Name>
</UnitTypeTranslation>
<UnitTypeTranslation domainID="utBalesPerArea">
<Name>arrobas por área</Name>
</UnitTypeTranslation>
<UnitTypeTranslation domainID="utBalesPerMass">
<Name>arrobas por massa</Name>
</UnitTypeTranslation>
<UnitTypeTranslation domainID="utBalesPerTime">
<Name>arrobas por tempo</Name>
</UnitTypeTranslation>
<UnitTypeTranslation domainID="utMassPerBale">
<Name>massa por arroba</Name>
</UnitTypeTranslation>
<UnitTypeTranslation domainID="utBalesPerVolume">
<Name>arrobas por volume</Name>
</UnitTypeTranslation>
<UnitTypeTranslation domainID="utCurrency">
<Name>moeda</Name>
</UnitTypeTranslation>
<UnitTypeTranslation domainID="utCurrencyPerContainer">
<Name>moeda por recipiente</Name>
</UnitTypeTranslation>
<UnitTypeTranslation domainID="utCurrencyPerBag">
<Name>moeda por saca</Name>
</UnitTypeTranslation>
<UnitTypeTranslation domainID="utMassPerContainer">
<Name>massa por recipiente</Name>
</UnitTypeTranslation>
<UnitTypeTranslation domainID="utMassPerBag">
<Name>massa por saca</Name>
</UnitTypeTranslation>
<UnitTypeTranslation domainID="utMassPerBarrel">
<Name>massa por barril</Name>
</UnitTypeTranslation>
<UnitTypeTranslation domainID="utMassPerSack">
<Name>massa por sack</Name>
</UnitTypeTranslation>
<UnitTypeTranslation domainID="utCurrencyPerBale">
<Name>moeda por arroba</Name>
</UnitTypeTranslation>
<UnitTypeTranslation domainID="utCurrencyPerArea">
<Name>moeda por área</Name>
</UnitTypeTranslation>
<UnitTypeTranslation domainID="utCurrencyPerVolume">
<Name>moeda por volume</Name>
</UnitTypeTranslation>
<UnitTypeTranslation domainID="utCurrencyPerTime">
<Name>moeda por hora</Name>
</UnitTypeTranslation>
<UnitTypeTranslation domainID="utSeeds">
<Name>sementes</Name>
</UnitTypeTranslation>
<UnitTypeTranslation domainID="utDataPoints">
<Name>pontos</Name>
</UnitTypeTranslation>
<UnitTypeTranslation domainID="utSeedsPerArea">
<Name>sementes por área</Name>
</UnitTypeTranslation>
<UnitTypeTranslation domainID="utSeedsPerMass">
<Name>sementes por massa</Name>
</UnitTypeTranslation>
<UnitTypeTranslation domainID="utSeedsPerTime">
<Name>sementes por hora</Name>
</UnitTypeTranslation>
<UnitTypeTranslation domainID="utSeedsPerVolume">
<Name>sementes por volume</Name>
</UnitTypeTranslation>
<UnitTypeTranslation domainID="utSeedsPerContainer">
<Name>sementes por recipiente</Name>
</UnitTypeTranslation>
<UnitTypeTranslation domainID="utSeedsPerBag">
<Name>sementes por saca</Name>
</UnitTypeTranslation>
<UnitTypeTranslation domainID="utSeedsPerBarrel">
<Name>sementes por barril</Name>
</UnitTypeTranslation>
<UnitTypeTranslation domainID="utSeedsPerSack">
<Name>sementes por sack</Name>
</UnitTypeTranslation>
<UnitTypeTranslation domainID="utMassPerSeeds">
<Name>massa por sementes</Name>
</UnitTypeTranslation>
<UnitTypeTranslation domainID="utDataPointsPerTime">
<Name>pontos de dados por hora</Name>
</UnitTypeTranslation>
<UnitTypeTranslation domainID="utRows">
<Name description="Medida de linhas por cultura em linha.">linhas</Name>
</UnitTypeTranslation>
<UnitTypeTranslation domainID="utAreaPerTime">
<Name>área por hora</Name>
</UnitTypeTranslation>
<UnitTypeTranslation domainID="utMassPerTime">
<Name>massa por hora</Name>
</UnitTypeTranslation>
<UnitTypeTranslation domainID="utVolumePerMass">
<Name>volume por massa</Name>
</UnitTypeTranslation>
<UnitTypeTranslation domainID="utPressure">
<Name>pressão</Name>
</UnitTypeTranslation>
<UnitTypeTranslation domainID="utForce">
<Name>força</Name>
</UnitTypeTranslation>
<UnitTypeTranslation domainID="utAngularVelocity">
<Name>velocidade angular</Name>
</UnitTypeTranslation>
<UnitTypeTranslation domainID="utDistancePerPercent">
<Name>distância por porcentagem</Name>
</UnitTypeTranslation>
<UnitTypeTranslation domainID="utDistancePerDegree">
<Name>distância por grau</Name>
</UnitTypeTranslation>
<UnitTypeTranslation domainID="utFrequency">
<Name>freqüência</Name>
</UnitTypeTranslation>
<UnitTypeTranslation domainID="utCount">
<Name>contagem</Name>
</UnitTypeTranslation>
<UnitTypeTranslation domainID="utMassPerMass">
<Name>massa por massa</Name>
</UnitTypeTranslation>
<UnitTypeTranslation domainID="utVolumePerVolume">
<Name>volume por volume</Name>
</UnitTypeTranslation>
<UnitTypeTranslation domainID="utVoltage">
<Name>tensão</Name>
</UnitTypeTranslation>
<UnitOfMeasureTranslation domainID="m">
<Name label="m" plural="metros">metro</Name>
</UnitOfMeasureTranslation>
<UnitOfMeasureTranslation domainID="ft">
<Name label="ft" plural="feet">foot</Name>
</UnitOfMeasureTranslation>
<UnitOfMeasureTranslation domainID="in">
<Name label="in" plural="inches">inch</Name>
</UnitOfMeasureTranslation>
<UnitOfMeasureTranslation domainID="mi">
<Name label="mi" plural="milhas">milha</Name>
</UnitOfMeasureTranslation>
<UnitOfMeasureTranslation domainID="Nmi">
<Name label="Nmi" plural="milhas náuticas">milha náutica</Name>
</UnitOfMeasureTranslation>
<UnitOfMeasureTranslation domainID="yd">
<Name label="yd" plural="yard">yard</Name>
</UnitOfMeasureTranslation>
<UnitOfMeasureTranslation domainID="Em">
<Name label="Em" plural="exametros">exametro</Name>
</UnitOfMeasureTranslation>
<UnitOfMeasureTranslation domainID="Pm">
<Name label="Pm" plural="petametros">petametro</Name>
</UnitOfMeasureTranslation>
<UnitOfMeasureTranslation domainID="Tm">
<Name label="Tm" plural="terametros">terametro</Name>
</UnitOfMeasureTranslation>
<UnitOfMeasureTranslation domainID="Gm">
<Name label="Gm" plural="gigametros">gigametro</Name>
</UnitOfMeasureTranslation>
<UnitOfMeasureTranslation domainID="Mm">
<Name label="Mm" plural="megametros">megametro</Name>
</UnitOfMeasureTranslation>
<UnitOfMeasureTranslation domainID="km">
<Name label="km" plural="quilômetros">quilômetro</Name>
</UnitOfMeasureTranslation>
<UnitOfMeasureTranslation domainID="hm">
<Name label="hm" plural="hectômetros">hectômetro</Name>
</UnitOfMeasureTranslation>
<UnitOfMeasureTranslation domainID="dam">
<Name label="dam" plural="decâmetros">decâmetro</Name>
</UnitOfMeasureTranslation>
<UnitOfMeasureTranslation domainID="dm">
<Name label="dm" plural="decímetros">decímetro</Name>
</UnitOfMeasureTranslation>
<UnitOfMeasureTranslation domainID="cm">
<Name label="cm" plural="centímetros">centímetro</Name>
</UnitOfMeasureTranslation>
<UnitOfMeasureTranslation domainID="mm">
<Name label="mm" plural="milímetros">milímetro</Name>
</UnitOfMeasureTranslation>
<UnitOfMeasureTranslation domainID="um">
<Name label="um" plural="micrômetros">micrômetro</Name>
</UnitOfMeasureTranslation>
<UnitOfMeasureTranslation domainID="nm">
<Name label="nm" plural="nanômetros">nanômetro</Name>
</UnitOfMeasureTranslation>
<UnitOfMeasureTranslation domainID="pm">
<Name label="pm" plural="picômetros">picômetro</Name>
</UnitOfMeasureTranslation>
<UnitOfMeasureTranslation domainID="fm">
<Name label="fm" plural="fentômetros">fentômetro</Name>
</UnitOfMeasureTranslation>
<UnitOfMeasureTranslation domainID="am">
<Name label="am" plural="atômetros">atômetro</Name>
</UnitOfMeasureTranslation>
<UnitOfMeasureTranslation domainID="us">
<Name label="us" plural="microssegundos">microssegundo</Name>
</UnitOfMeasureTranslation>
<UnitOfMeasureTranslation domainID="ms">
<Name label="ms" plural="milissegundos">milissegundo</Name>
</UnitOfMeasureTranslation>
<UnitOfMeasureTranslation domainID="sec">
<Name label="sec" plural="segundos">segundo</Name>
</UnitOfMeasureTranslation>
<UnitOfMeasureTranslation domainID="min">
<Name label="min" plural="minutos">minuto</Name>
</UnitOfMeasureTranslation>
<UnitOfMeasureTranslation domainID="hr">
<Name label="h" plural="horas">hora</Name>
</UnitOfMeasureTranslation>
<UnitOfMeasureTranslation domainID="day">
<Name label="dia" plural="dias">dia</Name>
</UnitOfMeasureTranslation>
<UnitOfMeasureTranslation domainID="wk">
<Name label="semana" plural="semanas">semana</Name>
</UnitOfMeasureTranslation>
<UnitOfMeasureTranslation domainID="C">
<Name label="°C" plural="celsius">celsius</Name>
</UnitOfMeasureTranslation>
<UnitOfMeasureTranslation domainID="F">
<Name label="°F" plural="fahrenheit">fahrenheit</Name>
</UnitOfMeasureTranslation>
<UnitOfMeasureTranslation domainID="K">
<Name label="K" plural="kelvin">kelvin</Name>
</UnitOfMeasureTranslation>
<UnitOfMeasureTranslation domainID="g">
<Name label="g" plural="gramas">grama</Name>
</UnitOfMeasureTranslation>
<UnitOfMeasureTranslation domainID="lb">
<Name label="lb" plural="libras">libra</Name>
</UnitOfMeasureTranslation>
<UnitOfMeasureTranslation domainID="ton">
<Name label="ton" plural="tons (EUA)">ton (EUA)</Name>
</UnitOfMeasureTranslation>
<UnitOfMeasureTranslation domainID="sg">
<Name label="sg" plural="slugs">slug</Name>
</UnitOfMeasureTranslation>
<UnitOfMeasureTranslation domainID="ozm">
<Name label="oz" plural="onças">onça</Name>
</UnitOfMeasureTranslation>
<UnitOfMeasureTranslation domainID="troyoz">
<Name label="troy oz" plural="onças troy">onça troy</Name>
</UnitOfMeasureTranslation>
<UnitOfMeasureTranslation domainID="t">
<Name label="t" plural="toneladas">tonelada</Name>
</UnitOfMeasureTranslation>
<UnitOfMeasureTranslation domainID="Eg">
<Name label="Eg" plural="hexagramas">hexagrama</Name>
</UnitOfMeasureTranslation>
<UnitOfMeasureTranslation domainID="Pg">
<Name label="Pg" plural="petagramas">petagrama</Name>
</UnitOfMeasureTranslation>
<UnitOfMeasureTranslation domainID="Tg">
<Name label="Tg" plural="teragramas">teragrama</Name>
</UnitOfMeasureTranslation>
<UnitOfMeasureTranslation domainID="Gg">
<Name label="Gg" plural="gigagramas">gigagrama</Name>
</UnitOfMeasureTranslation>
<UnitOfMeasureTranslation domainID="Mg">
<Name label="Mg" plural="megagramas">megagrama</Name>
</UnitOfMeasureTranslation>
<UnitOfMeasureTranslation domainID="kg">
<Name label="kg" plural="quilogramas">quilograma</Name>
</UnitOfMeasureTranslation>
<UnitOfMeasureTranslation domainID="hg">
<Name label="hg" plural="hectogramas">hectograma</Name>
</UnitOfMeasureTranslation>
<UnitOfMeasureTranslation domainID="dag">
<Name label="dkg" plural="decagramas">decagrama</Name>
</UnitOfMeasureTranslation>
<UnitOfMeasureTranslation domainID="dg">
<Name label="dg" plural="decigramas">decigrama</Name>
</UnitOfMeasureTranslation>
<UnitOfMeasureTranslation domainID="cg">
<Name label="cg" plural="centigramas">centigrama</Name>
</UnitOfMeasureTranslation>
<UnitOfMeasureTranslation domainID="mg">
<Name label="mg" plural="miligramas">miligrama</Name>
</UnitOfMeasureTranslation>
<UnitOfMeasureTranslation domainID="ug">
<Name label="ug" plural="microgramas">micrograma</Name>
</UnitOfMeasureTranslation>
<UnitOfMeasureTranslation domainID="ng">
<Name label="ng" plural="nanogramas">nanograma</Name>
</UnitOfMeasureTranslation>
<UnitOfMeasureTranslation domainID="pg">
<Name label="pg" plural="picogramas">picograma</Name>
</UnitOfMeasureTranslation>
<UnitOfMeasureTranslation domainID="fg">
<Name label="fg" plural="fentogramas">fentograma</Name>
</UnitOfMeasureTranslation>
<UnitOfMeasureTranslation domainID="ag">
<Name label="ag" plural="atogramas">atograma</Name>
</UnitOfMeasureTranslation>
<UnitOfMeasureTranslation domainID="stone">
<Name label="stone" plural="stones">stone</Name>
</UnitOfMeasureTranslation>
<UnitOfMeasureTranslation domainID="cwt">
<Name label="quintal" plural="quintal">quintal</Name>
</UnitOfMeasureTranslation>
<UnitOfMeasureTranslation domainID="ratio">
<Name label="relação" plural="relação">relação</Name>
</UnitOfMeasureTranslation>
<UnitOfMeasureTranslation domainID="prcnt">
<Name label="%" plural="porcentagem">porcentagem</Name>
</UnitOfMeasureTranslation>
<UnitOfMeasureTranslation domainID="prcntHndth">
<Name label="%/100" plural="centésimo de porcentagem">centésimo de porcentagem</Name>
</UnitOfMeasureTranslation>
<UnitOfMeasureTranslation domainID="ha">
<Name label="ha" plural="hectares">hectare</Name>
</UnitOfMeasureTranslation>
<UnitOfMeasureTranslation domainID="ac">
<Name label="ac" plural="acres">acre</Name>
</UnitOfMeasureTranslation>
<UnitOfMeasureTranslation domainID="thsndSqFt">
<Name label="1000 sq.ft" plural="mil metros quadrados">mil metros quadrados</Name>
</UnitOfMeasureTranslation>
<UnitOfMeasureTranslation domainID="l">
<Name label="l" plural="litros">litro</Name>
</UnitOfMeasureTranslation>
<UnitOfMeasureTranslation domainID="floz">
<Name label="floz" plural="onças fluidas">onça fluida</Name>
</UnitOfMeasureTranslation>
<UnitOfMeasureTranslation domainID="gal">
<Name label="gal" plural="galões">galão</Name>
</UnitOfMeasureTranslation>
<UnitOfMeasureTranslation domainID="thsndgal">
<Name label="gal X 1000" plural="mil galões">mil galões</Name>
</UnitOfMeasureTranslation>
<UnitOfMeasureTranslation domainID="qtdry">
<Name label="qt seco" plural="quarts secos">quart seco</Name>
</UnitOfMeasureTranslation>
<UnitOfMeasureTranslation domainID="ptdry">
<Name label="pt seca" plural="pintas secas (EUA)">pinta seca (EUA)</Name>
</UnitOfMeasureTranslation>
<UnitOfMeasureTranslation domainID="qt">
<Name label="qt" plural="quarts">quart</Name>
</UnitOfMeasureTranslation>
<UnitOfMeasureTranslation domainID="pt">
<Name label="pt" plural="pintas (EUA)">pinta (EUA)</Name>
</UnitOfMeasureTranslation>
<UnitOfMeasureTranslation domainID="uk_pt">
<Name label="uk_pt" plural="pintas (R.U.)">pinta (R.U.)</Name>
</UnitOfMeasureTranslation>
<UnitOfMeasureTranslation domainID="El">
<Name label="El" plural="hexalitros">hexalitro</Name>
</UnitOfMeasureTranslation>
<UnitOfMeasureTranslation domainID="Pl">
<Name label="Pl" plural="petalitros">petalitro</Name>
</UnitOfMeasureTranslation>
<UnitOfMeasureTranslation domainID="Tl">
<Name label="Tl" plural="teralitros">teralitro</Name>
</UnitOfMeasureTranslation>
<UnitOfMeasureTranslation domainID="Gl">
<Name label="Gl" plural="gigalitros">gigalitro</Name>
</UnitOfMeasureTranslation>
<UnitOfMeasureTranslation domainID="Ml">
<Name label="Ml" plural="megalitros">megalitro</Name>
</UnitOfMeasureTranslation>
<UnitOfMeasureTranslation domainID="kl">
<Name label="kl" plural="quilolitros">quilolitro</Name>
</UnitOfMeasureTranslation>
<UnitOfMeasureTranslation domainID="hl">
<Name label="hl" plural="hectolitros">hectolitro</Name>
</UnitOfMeasureTranslation>
<UnitOfMeasureTranslation domainID="dal">
<Name label="dal" plural="decalitros">decalitro</Name>
</UnitOfMeasureTranslation>
<UnitOfMeasureTranslation domainID="dl">
<Name label="dl" plural="decilitros">decilitro</Name>
</UnitOfMeasureTranslation>
<UnitOfMeasureTranslation domainID="cl">
<Name label="cl" plural="centilitros">centilitro</Name>
</UnitOfMeasureTranslation>
<UnitOfMeasureTranslation domainID="ml">
<Name label="ml" plural="mililitros">mililitro</Name>
</UnitOfMeasureTranslation>
<UnitOfMeasureTranslation domainID="ul">
<Name label="ul" plural="microlitros">microlitro</Name>
</UnitOfMeasureTranslation>
<UnitOfMeasureTranslation domainID="nl">
<Name label="nl" plural="nanolitros">nanolitro</Name>
</UnitOfMeasureTranslation>
<UnitOfMeasureTranslation domainID="pl">
<Name label="pl" plural="picolitros">picolitro</Name>
</UnitOfMeasureTranslation>
<UnitOfMeasureTranslation domainID="fl">
<Name label="fl" plural="fentolitros">fentolitro</Name>
</UnitOfMeasureTranslation>
<UnitOfMeasureTranslation domainID="al">
<Name label="al" plural="atolitros">atolitro</Name>
</UnitOfMeasureTranslation>
<UnitOfMeasureTranslation domainID="bu">
<Name label="saca" plural="sacas">saca</Name>
</UnitOfMeasureTranslation>
<UnitOfMeasureTranslation domainID="igal">
<Name label="igal" plural="igals">galão imp</Name>
</UnitOfMeasureTranslation>
<UnitOfMeasureTranslation domainID="arcdeg">
<Name label="deg" plural="arco graus">arco grau</Name>
</UnitOfMeasureTranslation>
<UnitOfMeasureTranslation domainID="arcmin">
<Name label="arcmin" plural="arco minutos">arco minuto</Name>
</UnitOfMeasureTranslation>
<UnitOfMeasureTranslation domainID="arcsec">
<Name label="arcsec" plural="arco segundos">arco segundo</Name>
</UnitOfMeasureTranslation>
<UnitOfMeasureTranslation domainID="rad">
<Name label="rad" plural="radianos">radianos</Name>
</UnitOfMeasureTranslation>
<UnitOfMeasureTranslation domainID="thDeg">
<Name label="grau*10000" plural="grau*10000">Dez milésimos de um grau</Name>
</UnitOfMeasureTranslation>
<UnitOfMeasureTranslation domainID="container">
<Name label="recipiente" plural="recipientes">recipiente</Name>
</UnitOfMeasureTranslation>
<UnitOfMeasureTranslation domainID="bag">
<Name label="saco" plural="sacos">saco</Name>
</UnitOfMeasureTranslation>
<UnitOfMeasureTranslation domainID="barrel">
<Name label="barril" plural="barris">barril</Name>
</UnitOfMeasureTranslation>
<UnitOfMeasureTranslation domainID="sack">
<Name label="sack" plural="sacks">sack</Name>
</UnitOfMeasureTranslation>
<UnitOfMeasureTranslation domainID="bale">
<Name label="arroba" plural="arrobas">arroba</Name>
</UnitOfMeasureTranslation>
<UnitOfMeasureTranslation domainID="cur">
<Name label="moeda" plural="moeda">moeda</Name>
</UnitOfMeasureTranslation>
<UnitOfMeasureTranslation domainID="seeds">
<Name label="sementes" plural="sementes">semente</Name>
</UnitOfMeasureTranslation>
<UnitOfMeasureTranslation domainID="thndSeeds">
<Name label="1000Sementes" plural="1000Sementes">milSemente</Name>
</UnitOfMeasureTranslation>
<UnitOfMeasureTranslation domainID="points">
<Name label="pontos" plural="pontos">ponto</Name>
</UnitOfMeasureTranslation>
<UnitOfMeasureTranslation domainID="row">
<Name label="linhas" plural="linhas">linha</Name>
</UnitOfMeasureTranslation>
<UnitOfMeasureTranslation domainID="Pa">
<Name label="Pa" plural="Pa">Pascal</Name>
</UnitOfMeasureTranslation>
<UnitOfMeasureTranslation domainID="kPa">
<Name label="kPa" plural="kPa">kiloPascal</Name>
</UnitOfMeasureTranslation>
<UnitOfMeasureTranslation domainID="PSI">
<Name label="PSI" plural="PSI">PSI</Name>
</UnitOfMeasureTranslation>
<UnitOfMeasureTranslation domainID="bar">
<Name label="bar" plural="bar">bar</Name>
</UnitOfMeasureTranslation>
<UnitOfMeasureTranslation domainID="N">
<Name label="N" plural="N">Newton</Name>
</UnitOfMeasureTranslation>
<UnitOfMeasureTranslation domainID="mN">
<Name label="mN" plural="mN">milliNewton</Name>
</UnitOfMeasureTranslation>
<UnitOfMeasureTranslation domainID="lbf">
<Name label="lbf" plural="libra-força">libra-força</Name>
</UnitOfMeasureTranslation>
<UnitOfMeasureTranslation domainID="RPM">
<Name label="RPM" plural="RPM">Rotações por Minuto</Name>
</UnitOfMeasureTranslation>
<UnitOfMeasureTranslation domainID="hndrthRPM">
<Name label="RPM*100" plural="RPM*100">Centésimos de Rotações por Minuto</Name>
</UnitOfMeasureTranslation>
<UnitOfMeasureTranslation domainID="hz">
<Name label="Hz" plural="hertz">hertz</Name>
</UnitOfMeasureTranslation>
<UnitOfMeasureTranslation domainID="count">
<Name label="contagem" plural="contagens">contagem</Name>
</UnitOfMeasureTranslation>
<UnitOfMeasureTranslation domainID="V">
<Name label="V" plural="V">Volt</Name>
</UnitOfMeasureTranslation>
<UnitOfMeasureSystemTranslation domainID="umsEnglish">
<Name label="us">Inglês</Name>
</UnitOfMeasureSystemTranslation>
<UnitOfMeasureSystemTranslation domainID="umsMetric">
<Name label="métrico">Métrico</Name>
</UnitOfMeasureSystemTranslation>
<UnitOfMeasureSystemTranslation domainID="umsImperial">
<Name label="us">Imperial</Name>
</UnitOfMeasureSystemTranslation>
<UnitOfMeasureSystemTranslation domainID="umsMixed">
<Name label="misto">Misto</Name>
</UnitOfMeasureSystemTranslation>
</UnitSystemTranslation>